"","group","indval","pvalue","freq","OTU","myco_horiz","Kingdom","Phylum","Class","Order","Family","Genus","Species","ASV"
"1",1,0.194536596111782,0.045,12,"ESV175","AS_Ae","k__Fungi","p__Mortierellomycota","c__Mortierellomycetes","o__Mortierellales","f__Mortierellaceae","g__Mortierella","s__hyalina","ATGCGATACGTAATGTGAATTGCAGAATTCAGTGAATCATCGAATCTTTGAACGCATATTGCGCTCTTTGGTATTCCGAAGAGCATGCTTGTTTGAGTATCAGTAAACACCTCAAAGCCTTTTTTTGTTAAGAGACTTTGGACTTGAGCAATCCCAACACTTTTTTTCTTTAAAGTGGCGGGTTGCTTGAAATGCAGGTGCAGCTGGACATTCTCCTGAGCTAAAAGCATATTCATTTAGTCCCGTCAAACGGATTATTACTTTTGCTGCAGCTAACATAAAGGGAGTTTGACCATTTTGGCTGACTGATGCAGGATTTTCACAAGAGTCTTCAAAACACTCTTGTTAAACTCGATCTCAAATCAAGTAAGACTACCCGCTGAACTTAA"
"2",2,0.652449683978888,0.001,21,"ESV25","AS_B","k__Fungi","p__Basidiomycota","c__Agaricomycetes","o__Agaricales","f__Hygrophoraceae","g__Hygrocybe","s__punicea","ATGCGATACGTAATGTGAATTGCAGAATTCCGTGAATCATCGAATCTTTGAACGCACCTTGCGCCCCTTGGTATTCCGAGGGGCATGCCTGTTTGAGTGTCATTGAATTCTCAAACCTGAATCTCCCCTGGTTCAGGCTTTGGATTTGGAGAGTGCCGGCCTTCAAACGAGTCCGGCTCCTCTGAAATGCATTAGCAAGACCCTCTTCCGACGGCTTTGTGGCATTGATAAGACTGTCCATGCCTATTTTTGTCCGGCGGAAAAGTGGTTGCTTTGAAATTGTCTGAAGCGAAACGGACACTTTACCATTGACCATTGACCTCAAATCAGGTAGGACTACCCGCTGAACTTAA"
"3",3,0.412049420709941,0.002,12,"ESV391","AS_F","k__Fungi","p__Ascomycota","c__Eurotiomycetes","o__Eurotiales","f__Aspergillaceae","g__Penicillium","s__atrosanguineum","ATGCGATAACTAATGTGAATTGCAGAATTCAGTGAATCATCGAGTCTTTGAACGCACATTGCGCCCTCTGGTATTCCGGAGGGCATGCCTGTCCGAGCGTCATTGCTGCCCTCCAGCCCGGCTGGTGTGTTGGGCCCCGCCCCCCTTCCCGGGGGGGCGGGCCCGAAAGGCAGCGGCGGCACCGCGTCCGGTCCTCGAGCGTATGGGGCTTTGTCACCCGCTCTTGTAGGCCCGGCCGGCGCCAGCCGACCCCCTCAATCTATTTTTTCAGGTTGACCTCGGATCAGGTAGGGATACCCGCTGAACTTAA"
"4",4,0.325508501843923,0.043,3,"ESV441","AS_H","k__Fungi","p__Ascomycota","c__Sordariomycetes","o__Sordariales","f__Lasiosphaeriaceae","g__Apiosordaria","s__otanii","ATGCGATAAGTAATGTGAATTGCAGAATTCAGTGAATCATCGAATCTTTGAACGCACATTGCGCCCGCTAGTATTCTGGCGGGCATGCCTGTTCGAGCGTCATTTCAACCATCAAGCCCCACGGCTTGTGTTGGGGCCCTGCGGCCGTCCGCAGCCCCCGGAATGCAGTGGCGGGCTCGTTGTCACCCCGAGTGCAGTAATACTCTTCTCTCTGGGCGTGGCGGCGGGTTCCGGCCGTGAAACAACCAAACTTATCAAGGTTGACCTCGGATCAGGTAGGAATACCCGCTGAACTTAA"
"5",5,0.8,0.001,4,"ESV683","AS_L","k__Fungi","p__Ascomycota","c__Dothideomycetes","o__Pleosporales","f__Pleosporales_fam_Incertae_sedis","g__Pseudochaetosphaeronema","s__larense","ATGCGATAAGTAGTGTGAATTGCAGAATTCAGTGAATCATCGAATCTTTGAACGCACATTGCGCCCCTTGGTATTCCATGGGGCATGCCTGTTCGAGCGTCATTTACACCCTCAAGCTCTGCTTGGTGTTGGGCGTCTGTTCCGCTGCTCTGCGTGGACTCGTCCTAAAGGTATTGGCGGCGGTCTTGCCAGCTTCTCGCGCAGCAGTTCGCGCTTCTTGAAGCCCCGGAAGGCTCGCATCCACAAAGTCAACTTCCATGACTTGACCTCGGATCAGGTAGGGATACCCGCTGAACTTAA"
"6",7,0.504316916062996,0.004,4,"ESV274","FG_B","k__Fungi","p__Ascomycota","c__Leotiomycetes","o__Helotiales","f__Helotiales_fam_Incertae_sedis","g__Microglossum","s__griseoviride","ATGCGATAAGTAATGTGAATTGCAGAATTCAGTGAATCATCGAATCTTTGAACGCACATTGCACCCCCTGGCATTCTGGGGGGTATGCCTGTTCGAGCATCATTACAACCCTCAAGCCTCGCTTGGTGTTGGGTGCCACCCGCTATAGGGTGCACCTCAAAATCAGTGGCGGTGCGGCCTAGCTTCAAGCGTAGTAATTCTTCTCGCTCCGGAGCCTAGGCGGCATATCTGCCAACAACCTCAAACACATCAAGGTTGATCTCGGATCAGGTAGGGATACCCGCTGAACTTAA"
"7",8,0.504312650212374,0.001,12,"ESV218","FG_F","k__Fungi","p__Basidiomycota","c__Agaricomycetes","o__Russulales","f__Russulaceae","g__Lactarius","s__cinereus","ATGCGATACGTAATGTGAATTGCAGAATTCAGTGAATCATCGAATCTTTGAACGCACCTTGCGCCCCTTGGTATTCCGAGGGGCACACCCGTTTGAGTGTCGTGAAAATCTCAACCTTCTCGGTTTCTTCTGGACACCGAAGGGAGGCTTGGACTTTGGAGGCCTTTGCTGGCGTCTCTCTCTTTTGAGAAAGGGTCAGCTCCTCTCAAATGAATTAGCGGGGTCCTCTTTGCCGACCCTCGACATGTGATAAGATGTTTCCATGTCTTGGTTTATGGCTCTGTTGCCTTTGGGACCCGCTTCTAATCGTCTCGAGACAATGTTCGAGCGTGTCTCCCTTCTCGGGAAACACTCTCGAACCCACGAACCCTTGACCTCAAATCGGGTGAGACTACCCGCTGAACTTAA"
"8",9,0.267470633340244,0.009,14,"ESV75","FG_H","k__Fungi","p__Ascomycota","c__Leotiomycetes","o__Helotiales","f__Myxotrichaceae","g__Oidiodendron","s__echinulatum","ATGCGATAAGTAATGCGAATTGCAGAATTCAGTGAGTCATCGAATCTTTGAACGCACATTGCGCCCTGTGGTATTCCGCAGGGCATGCCTGTTCGAGCGTCATTTCAACCCTCAAGCCCTGCTTGGTGTTGGGCCCTGCCCGTTGCGGCCGGCCCTAAAGTCAGTGGCGGCGCCGTCTGGCTCTAAGCGTAGTACATCTCTCGCTCTAGGGCCCCGCGGTGGCTTGCCAGCAACCCCAACTCCTATGGTTGACCTCGGATCAGGTAGGGATACCCGCTGAACTTAA"
"9",10,0.75,0.001,3,"ESV714","FG_L","k__Fungi","p__Basidiomycota","c__Agaricomycetes","o__Agaricales","f__Typhulaceae","g__Typhula","s__maritima","ATGCGATAAGTAATGTGAATTGCAGAATTCAGTGAATCATCGAATCTTTGAACGCACCTTGCGCTCCTTGGTATTCCGAGGAGCATGCCTGTTTGAGTGTCATTAAATTCTCAACCTCATAACGTTTTCGGACGGTCTTTGAGGCTTGGACTTTGGAGTGTGCCGGCTACTTTTGCTAGTCGGCTCCTCTTTAAATGCATTAGCTGGAACCTCTTGTGGACCAGACTACGGTGTGATAATTATCTACGCTGTGGCCTTGTGAAGCACTTTACTGTTACGGGGTTCTGCTTCCAACCGTCCTTCACTTGGACAACTTATGACATTTTGACCTCAAATCAGGTAGGACTACCCGCTGAACTTAA"
"10",10,0.75,0.002,3,"ESV729","FG_L","k__Fungi","p__Chytridiomycota","c__Spizellomycetes","o__Spizellomycetales",NA,NA,NA,"ATGCGATAAGTAGTGTGAATTGCAGAATTCAGTGAATCATCGAATCTTTGAACGCACATTGCGCTTCCTGGTATTCCGGGGAGCATGCTCGTTTCAGAATCATTAAACTCTCAAAAACCAGATGGTTCTCGGACCGTTTGGGGCTTGGATGTGGGCGGCACACTGTTCCTCTGGAACAGCCGCTTCAATATGATTGTGTGTATCTCGGTGAACCATCCCGGGAGCATAAGAGCAACAGATTTCTATTTCTCTTGTGTCCCGTGTCTGGTTTGTTTGGACTCCCACTCCATCCATTAGACAGGATGCCCGTCATTTCGATGTGGTATCCTGATTACTTGGTCTGAAATCGAGCAAGAAAACCCGCTGAACTTAA"
"11",11,0.315776527635952,0.004,9,"ESV120","Mix_Ae","k__Fungi","p__Basidiomycota","c__Agaricomycetes","o__Agaricales","f__Clavariaceae","g__Clavulinopsis","s__fusiformis","TTGCGATATGTAATGTGAATTGCAGAATTCAGTGAATCATCGAATCTTTGAACGCACCTTGCGCCCTTTGGTATTCCGAAGGGCATGCCTGTTTGAGTGTCATTAAATTCTCAACTTCAAAGGTTTATTCTTTTGAAGCTTGGATGTTGGAGGACTTTTGCAGGCATATATTCAATGTCAGCTCCTCTTAAATGCATTAGCAGAACTTGTATGTTCGGCTCTGGTTTGATAATGCTATCTATGCCATTGCTGAAAGGTCATTTGTTCAGCTTCTAATGGTCCATTATGGACTGTCTCTTTGGAGGCATTATCTTTGACTTGACCTCAAATCAGGTAGGACTACCCGCTGAACTTAA"
"12",12,0.436642278206216,0.001,7,"ESV131","Mix_B","k__Fungi","p__Ascomycota","c__Eurotiomycetes","o__Eurotiales","f__Trichocomaceae","g__Sagenomella","s__striatispora","ATGCGATAAGTAATGTGAATTGCAGAATTCCGTGAATCATCGAATCTTTGAACGCACATTGCGCCCCCTGGCATTCCGGGGGGCATGCCTGTCCGAGCGTCATTGCTACCCTCAAGCGCGGCTTGTGTGTTGGGCGCTGTCCCCCCGGGGACAGGCCTGAAAGGCAGTGGCGGCGTCGCGTCCGGTCCTCGAGCGTATGGGGCTTTGTCACTCGCTCTGTGGGGTCCGGCCGGGGCCTGTCTACCCCAATCTTTTCTCAAGGTTGACCTCGGATCAGGTAGGGATACCCGCTGAACTTAA"
"13",13,0.82736290778691,0.001,6,"ESV394","Mix_F","k__Fungi","p__Basidiomycota","c__Agaricomycetes","o__Atheliales","f__Atheliaceae","g__Athelia","s__singularis","ATGCGATAAGTAATGTGAATTGCAGATTTTCAGTGAATCATCGAATCTTTGAACGCACCTTGCGCTCCTTGGTATTCCGAGGAGCATGCCTGTTTGAGTGTCATTAAATTCTCAACCCCGAATCGATTTGTTTCGAGATCGGAGGCTTGGACTTGGAGCGTGCTGGCCCTCACCCGGGTCGGCTCCTCTTTAAATGCATCAGCGGAACTTCCTTTGGTCTTCCCGGTCATCAGTGTGATAATCATGTCTCGCTGTTGGCTTAGATCAGAGTCCGCTTACAATCGTCTTCGGACAACTTTTATACCAATTTGACCTCAAATCAGGTAGGACTACCCGCTGAACTTAA"
"14",14,0.359387586615835,0.042,3,"ESV246","Mix_H","k__Fungi","p__Ascomycota","c__Pezizomycetes","o__Pezizales","f__Pyronemataceae","g__Rhodoscypha",NA,"ATGCGATAAGTAGTGTGAATTGCAGAATTCAGTGAATCATCGAATCTTTGAACGCACATTGCGCCTCCTGGTATTCCGGGGGGCATGCCTGTCCGAGCGTCATTAAAATAAACTTCAAGCACTTTATTGTGCCTTGGTCTTGAGGGATGAGCGCAGGTAAGATCATGTCTAATTGCTGCTCACCCATCGAATTCCAGTGGCGGAATCAAACATGGATTGTCTTGGTGTGATAAGTTTTTTCACGTCACCAAATCAGCTCGTATTACATTCTAGCCAGTTCAAACTCCCCTCTCTTTAATCAACGACCTCGGATCAGGTAGGGATACCCGCTGAACTTAA"
"15",15,0.402486114611812,0.006,5,"ESV750","Mix_L","k__Fungi","p__Ascomycota","c__Dothideomycetes","o__Myriangiales","f__Myriangiales_fam_Incertae_sedis",NA,NA,"ATGCGATAAGTAATGTGAATTGCAGAATTCAGTGAATCATCGAATCTTTGAACGCACATTGCGCCCCTTGGTATTCCGGGGGGCATGCCTGTTCGAGCGTCATTACACCAATCAAGCACCGCTTGGTATTAGGCCTTCGCCCCCCGAGAGGGTGGGCGTGCCTCAAAATCTTCGGCGAAGTCACCTCGGCTTTGGGCGTAGTAGAATCTTTCAAAACGTCCTACAGGCCCGGGGAGTCTTCCGCCGTCAAAAAAACCATTTTATACCAGGTTGACCTCGGATCAGGTAGGGATACCCGCTGAACTTAA"
