OTU_ID,taxonomy
ESV1,p__Ascomycota;c__Dothideomycetes;o__Mytilinidales;f__Gloniaceae;g__Cenococcum;NA
ESV2,p__Mucoromycota;c__Umbelopsidomycetes;o__Umbelopsidales;f__Umbelopsidaceae;g__Umbelopsis;s__dimorpha
ESV3,p__Ascomycota;c__Sordariomycetes;o__Xylariales;f__Amphisphaeriaceae;g__Polyscytalum;s__algarvense
ESV4,p__Basidiomycota;c__Agaricomycetes;o__Agaricales;f__Tricholomataceae;g__Mycena;s__sanguinolenta
ESV5,p__Basidiomycota;c__Agaricomycetes;o__Agaricales;f__Hygrophoraceae;g__Hygrocybe;s__flavescens
ESV6,p__Ascomycota;c__Dothideomycetes;o__Mytilinidales;f__Gloniaceae;g__Cenococcum;s__geophilum
ESV7,p__Ascomycota;c__Sordariomycetes;o__Sordariales;f__Lasiosphaeriaceae;g__Apodus;s__deciduus
ESV8,p__Basidiomycota;c__Tremellomycetes;o__Filobasidiales;f__Piskurozymaceae;g__Solicoccozyma;s__terricola
ESV9,p__Ascomycota;c__Saccharomycetes;NA;NA;NA;NA
ESV10,p__Ascomycota;c__Sordariomycetes;o__Hypocreales;f__Hypocreales_fam_Incertae_sedis;g__Cylindrium;s__elongatum
ESV11,p__Ascomycota;c__Dothideomycetes;o__Venturiales;NA;NA;NA
ESV12,p__Mucoromycota;c__Umbelopsidomycetes;o__Umbelopsidales;f__Umbelopsidaceae;g__Umbelopsis;NA
ESV13,p__Basidiomycota;c__GS25;o__GS25;NA;NA;NA
ESV14,p__Ascomycota;c__Eurotiomycetes;o__Chaetothyriales;NA;NA;NA
ESV15,p__Mortierellomycota;c__Mortierellomycetes;o__Mortierellales;f__Mortierellaceae;g__Mortierella;s__humilis
ESV16,p__Ascomycota;c__Eurotiomycetes;o__Chaetothyriales;f__Herpotrichiellaceae;g__Cladophialophora;s__sylvestris
ESV17,p__Basidiomycota;c__Agaricomycetes;o__Polyporales;f__Ganodermataceae;NA;NA
ESV18,p__Ascomycota;c__Sordariomycetes;o__Chaetosphaeriales;f__Chaetosphaeriaceae;NA;NA
ESV19,p__Ascomycota;c__Leotiomycetes;o__Rhytismatales;f__Rhytismataceae;g__Colpoma;NA
ESV20,p__Ascomycota;c__Leotiomycetes;o__Rhytismatales;f__Rhytismataceae;NA;NA
ESV21,p__Basidiomycota;c__Agaricomycetes;o__Russulales;f__Russulaceae;g__Russula;s__heterophylla
ESV22,p__Ascomycota;c__Leotiomycetes;o__Helotiales;f__Hyaloscyphaceae;NA;NA
ESV23,p__Ascomycota;c__Sordariomycetes;o__Hypocreales;f__Bionectriaceae;g__Nectriopsis;s__rexiana
ESV24,p__Ascomycota;c__Leotiomycetes;o__Helotiales;f__Helotiaceae;NA;NA
ESV25,p__Basidiomycota;c__Agaricomycetes;o__Agaricales;f__Hygrophoraceae;g__Hygrocybe;s__punicea
ESV26,p__Ascomycota;c__Sordariomycetes;o__Sordariales;f__Chaetomiaceae;g__Trichocladium;s__opacum
ESV27,p__Ascomycota;c__Leotiomycetes;o__Helotiales;f__Sclerotiniaceae;g__Pycnopeziza;s__sympodialis
ESV28,p__Ascomycota;c__Leotiomycetes;o__Helotiales;NA;NA;NA
ESV29,p__Basidiomycota;c__Agaricomycetes;o__Russulales;f__Russulaceae;g__Russula;s__cyanoxantha
ESV30,p__Ascomycota;c__Leotiomycetes;o__Helotiales;f__Leotiaceae;g__Pezoloma;s__ericae
ESV31,p__Ascomycota;c__Leotiomycetes;o__Helotiales;f__Myxotrichaceae;g__Oidiodendron;s__chlamydosporicum
ESV32,p__Ascomycota;c__Sordariomycetes;o__Hypocreales;NA;NA;NA
ESV33,p__Ascomycota;c__Leotiomycetes;o__Helotiales;f__Helotiales_fam_Incertae_sedis;g__Leohumicola;s__terminalis
ESV34,p__Basidiomycota;c__Agaricomycetes;o__Agaricales;f__Tricholomataceae;g__Mycena;NA
ESV35,p__Ascomycota;c__Leotiomycetes;o__Helotiales;f__Helotiaceae;g__Scytalidium;s__album
ESV36,p__Ascomycota;c__Leotiomycetes;o__Helotiales;f__Sclerotiniaceae;NA;NA
ESV37,p__Ascomycota;c__Xylonomycetes;o__GS34;NA;NA;NA
ESV38,p__Ascomycota;c__Sordariomycetes;o__Hypocreales;f__Hypocreaceae;g__Trichoderma;s__asperellum
ESV39,p__Ascomycota;c__Leotiomycetes;o__Helotiales;f__Dermateaceae;g__Scleropezicula;NA
ESV40,p__Ascomycota;c__Leotiomycetes;o__Helotiales;f__Helotiaceae;g__Meliniomyces;NA
ESV41,p__Basidiomycota;c__Agaricomycetes;o__Agaricales;f__Clavariaceae;g__Clavaria;s__zollingeri
ESV42,p__Ascomycota;c__Dothideomycetes;o__Venturiales;f__Venturiaceae;g__Sympodiella;s__acicola
ESV43,p__Ascomycota;c__Leotiomycetes;o__Rhytismatales;f__Cudoniaceae;g__Cudonia;NA
ESV44,p__Ascomycota;c__Leotiomycetes;o__Helotiales;f__Helotiaceae;g__Collophora;NA
ESV45,p__Basidiomycota;c__Agaricomycetes;o__Agaricales;f__Hygrophoraceae;g__Hygrocybe;s__reidii
ESV46,p__Ascomycota;c__Dothideomycetes;o__Dothideales;f__Dothideaceae;g__Endoconidioma;s__populi
ESV47,p__Ascomycota;c__Leotiomycetes;o__Helotiales;f__Helotiales_fam_Incertae_sedis;g__Cadophora;NA
ESV48,p__Basidiomycota;c__Tremellomycetes;o__Tremellales;f__Trimorphomycetaceae;g__Saitozyma;s__podzolica
ESV49,p__Basidiomycota;c__Agaricomycetes;o__Boletales;f__Boletaceae;NA;NA
ESV50,p__Basidiomycota;c__Agaricomycetes;o__Agaricales;f__Hygrophoraceae;g__Hygrocybe;NA
ESV51,p__Ascomycota;c__Leotiomycetes;o__Helotiales;f__Hyaloscyphaceae;g__Polydesmia;s__pruinosa
ESV52,p__Ascomycota;c__Sordariomycetes;o__Diaporthales;f__Cryphonectriaceae;NA;NA
ESV53,p__Ascomycota;c__Leotiomycetes;o__Helotiales;f__Helotiales_fam_Incertae_sedis;g__Microglossum;s__rufescens
ESV54,p__Ascomycota;c__Sordariomycetes;o__Sordariales;f__Lasiosphaeriaceae;NA;NA
ESV55,p__Basidiomycota;c__Agaricomycetes;o__Russulales;f__Russulaceae;g__Lactarius;s__camphoratus
ESV56,p__Basidiomycota;c__Agaricomycetes;o__Agaricales;f__Tricholomataceae;g__Tricholoma;s__saponaceum
ESV57,p__Ascomycota;c__Leotiomycetes;o__Helotiales;f__Hyaloscyphaceae;g__Pseudaegerita;NA
ESV58,p__Ascomycota;c__Leotiomycetes;o__Thelebolales;f__Pseudeurotiaceae;g__Geomyces;s__auratus
ESV59,p__Basidiomycota;c__Agaricomycetes;o__Russulales;f__Russulaceae;g__Russula;s__subsulphurea
ESV60,p__Basidiomycota;c__Agaricomycetes;o__Russulales;f__Russulaceae;g__Russula;s__brunneoviolacea
ESV61,p__Basidiomycota;c__Agaricomycetes;o__Agaricales;NA;NA;NA
ESV62,p__Ascomycota;c__Eurotiomycetes;o__Chaetothyriales;f__Herpotrichiellaceae;g__Cladophialophora;NA
ESV63,p__Ascomycota;c__Leotiomycetes;o__Helotiales;f__Helotiaceae;g__Mycosymbioces;NA
ESV64,p__Mortierellomycota;c__Mortierellomycetes;o__Mortierellales;f__Mortierellaceae;g__Mortierella;s__pseudozygospora
ESV65,p__Ascomycota;c__Sordariomycetes;o__Sordariales;f__Sordariaceae;g__Neurospora;s__terricola
ESV66,p__Ascomycota;c__Leotiomycetes;o__Helotiales;f__Dermateaceae;g__Pezicula;NA
ESV67,p__Ascomycota;c__Leotiomycetes;o__Helotiales;f__Helotiaceae;g__Hymenoscyphus;s__dehlii
ESV68,p__Ascomycota;c__Leotiomycetes;o__Thelebolales;f__Pseudeurotiaceae;g__Pseudogymnoascus;NA
ESV69,p__Ascomycota;c__Pezizomycetes;o__Pezizales;f__Pyronemataceae;NA;NA
ESV70,p__Ascomycota;NA;NA;NA;NA;NA
ESV71,p__Ascomycota;c__Leotiomycetes;o__Rhytismatales;f__Rhytismataceae;g__Coccomyces;s__australis
ESV72,p__Basidiomycota;c__Agaricomycetes;o__Agaricales;f__Tricholomataceae;g__Clitocybe;s__catinus
ESV73,p__Ascomycota;c__Dothideomycetes;o__Venturiales;f__Venturiaceae;g__Pseudoanungitea;s__vaccinii
ESV74,p__Ascomycota;c__Leotiomycetes;o__Helotiales;f__Myxotrichaceae;g__Oidiodendron;s__maius
ESV75,p__Ascomycota;c__Leotiomycetes;o__Helotiales;f__Myxotrichaceae;g__Oidiodendron;s__echinulatum
ESV76,p__Ascomycota;c__Geoglossomycetes;o__Geoglossales;f__Geoglossaceae;g__Geoglossum;s__simile
ESV77,p__Ascomycota;c__Sordariomycetes;o__Xylariales;f__Xylariaceae;g__Kretzschmaria;NA
ESV78,p__Ascomycota;c__Leotiomycetes;o__Helotiales;f__Hyaloscyphaceae;g__Hyphodiscus;NA
ESV79,p__Basidiomycota;c__Agaricomycetes;o__Agaricales;f__Clavariaceae;g__Clavulinopsis;NA
ESV80,p__Ascomycota;c__Leotiomycetes;NA;NA;NA;NA
ESV81,p__Basidiomycota;c__Agaricomycetes;o__Agaricales;f__Clavariaceae;g__Clavaria;s__fragilis
ESV82,p__Ascomycota;c__Dothideomycetes;o__Pleosporales;f__Lentitheciaceae;g__Pleurophoma;NA
ESV83,p__Ascomycota;c__Leotiomycetes;o__Helotiales;f__Helotiales_fam_Incertae_sedis;g__Leptodontidium;s__trabinellum
ESV84,p__Ascomycota;c__Leotiomycetes;o__Helotiales;f__Helotiales_fam_Incertae_sedis;g__Chalara;NA
ESV85,p__Ascomycota;c__Leotiomycetes;o__Helotiales;f__Leotiaceae;g__Leotia;s__lubrica
ESV86,p__Basidiomycota;c__Agaricomycetes;o__Agaricales;f__Clavariaceae;g__Camarophyllopsis;s__schulzeri
ESV87,p__Ascomycota;c__Sordariomycetes;o__Hypocreales;f__Clavicipitaceae;g__Pochonia;s__bulbillosa
ESV88,p__Ascomycota;c__Sordariomycetes;o__Xylariales;f__Sporocadaceae;NA;NA
ESV89,p__Ascomycota;c__Eurotiomycetes;o__Chaetothyriales;f__Herpotrichiellaceae;NA;NA
ESV90,p__Ascomycota;c__Sordariomycetes;o__Chaetosphaeriales;f__Chaetosphaeriaceae;g__Chaetosphaeria;s__myriocarpa
ESV91,p__Ascomycota;c__Leotiomycetes;o__Helotiales;f__Dermateaceae;NA;NA
ESV92,p__Ascomycota;c__Sordariomycetes;o__Xylariales;NA;NA;NA
ESV93,p__Ascomycota;c__Leotiomycetes;o__Helotiales;f__Helotiaceae;g__Scytalidium;s__lignicola
ESV94,p__Ascomycota;c__Leotiomycetes;o__Helotiales;f__Dermateaceae;g__Mollisia;NA
ESV95,p__Basidiomycota;c__Agaricomycetes;o__Agaricales;f__Hygrophoraceae;g__Hygrocybe;s__chlorophana
ESV96,p__Ascomycota;c__Sordariomycetes;o__Hypocreales;f__Hypocreaceae;g__Trichoderma;NA
ESV97,p__Ascomycota;c__Sordariomycetes;o__Coniochaetales;f__Coniochaetaceae;g__Coniochaeta;NA
ESV98,p__Ascomycota;c__Dothideomycetes;o__Venturiales;f__Venturiaceae;NA;NA
ESV99,p__Basidiomycota;c__Agaricomycetes;o__Agaricales;f__Hygrophoraceae;g__Hygrocybe;s__miniata
ESV100,p__Ascomycota;c__Leotiomycetes;o__Helotiales;f__Leotiaceae;NA;NA
ESV101,p__Ascomycota;c__Sordariomycetes;o__Hypocreales;f__Hypocreaceae;g__Trichoderma;s__spirale
ESV102,p__Ascomycota;c__Leotiomycetes;o__Helotiales;f__Myxotrichaceae;g__Oidiodendron;NA
ESV103,p__Ascomycota;c__Leotiomycetes;o__Helotiales;f__Leotiaceae;g__Alatospora;NA
ESV104,p__Basidiomycota;c__Tremellomycetes;o__Tremellales;NA;NA;NA
ESV105,p__Basidiomycota;c__Cystobasidiomycetes;o__Erythrobasidiales;f__Erythrobasidiaceae;g__Erythrobasidium;s__hasegawianum
ESV106,p__Ascomycota;c__Sordariomycetes;NA;NA;NA;NA
ESV107,p__Basidiomycota;c__Agaricomycetes;o__Atheliales;f__Atheliaceae;NA;NA
ESV108,p__Ascomycota;c__Dothideomycetes;o__Capnodiales;f__Neodevriesiaceae;NA;NA
ESV109,p__Basidiomycota;c__Agaricomycetes;o__Agaricales;f__Hygrophoraceae;g__Gliophorus;s__psittacinus
ESV110,p__Basidiomycota;c__Agaricomycetes;o__Agaricales;f__Strophariaceae;g__Galerina;s__calyptrata
ESV111,p__Ascomycota;c__Eurotiomycetes;o__Chaetothyriales;f__Trichomeriaceae;NA;NA
ESV112,p__Ascomycota;c__Sordariomycetes;o__Hypocreales;f__Cordycipitaceae;NA;NA
ESV113,p__Basidiomycota;c__Agaricomycetes;o__Atheliales;f__Atheliaceae;g__Piloderma;NA
ESV114,p__Basidiomycota;c__Agaricomycetes;o__Agaricales;f__Clavariaceae;NA;NA
ESV115,p__Mucoromycota;c__Umbelopsidomycetes;o__Umbelopsidales;f__Umbelopsidaceae;g__Umbelopsis;s__isabellina
ESV116,p__Ascomycota;c__Sordariomycetes;o__Hypocreales;f__Clavicipitaceae;NA;NA
ESV117,p__Ascomycota;c__Orbiliomycetes;o__Orbiliales;f__Orbiliaceae;NA;NA
ESV118,p__Basidiomycota;c__Agaricomycetes;o__Agaricales;f__Hygrophoraceae;g__Hygrocybe;s__conica
ESV119,p__Ascomycota;c__Sordariomycetes;o__Hypocreales;f__Hypocreaceae;g__Trichoderma;s__rodmanii
ESV120,p__Basidiomycota;c__Agaricomycetes;o__Agaricales;f__Clavariaceae;g__Clavulinopsis;s__fusiformis
ESV121,p__Ascomycota;c__Pezizomycetes;o__Pezizales;f__Pyronemataceae;g__Sowerbyella;s__unicisa
ESV122,p__Ascomycota;c__Leotiomycetes;o__Helotiales;f__Helotiales_fam_Incertae_sedis;g__Cadophora;s__finlandica
ESV123,p__Basidiomycota;c__Agaricomycetes;o__Russulales;f__Russulaceae;g__Russula;NA
ESV124,p__Ascomycota;c__Leotiomycetes;o__Helotiales;f__Helotiales_fam_Incertae_sedis;g__Leohumicola;s__verrucosa
ESV125,p__Mortierellomycota;c__Mortierellomycetes;o__Mortierellales;f__Mortierellaceae;g__Mortierella;s__macrocystis
ESV126,p__Ascomycota;c__Leotiomycetes;o__Helotiales;f__Helotiaceae;g__Hymenoscyphus;NA
ESV127,p__Ascomycota;c__Leotiomycetes;o__Helotiales;f__Helotiaceae;g__Scytalidium;NA
ESV128,p__Basidiomycota;c__Agaricomycetes;o__Agaricales;f__Hygrophoraceae;g__Gliophorus;s__laetus
ESV129,p__Basidiomycota;c__Agaricomycetes;o__Agaricales;f__Hygrophoraceae;g__Hygrocybe;s__cantharellus
ESV130,p__Basidiomycota;c__Agaricomycetes;o__Boletales;f__Boletaceae;g__Xanthoconium;NA
ESV131,p__Ascomycota;c__Eurotiomycetes;o__Eurotiales;f__Trichocomaceae;g__Sagenomella;s__striatispora
ESV132,p__Basidiomycota;c__Malasseziomycetes;o__Malasseziales;f__Malasseziaceae;g__Malassezia;s__restricta
ESV133,p__Ascomycota;c__Dothideomycetes;o__Venturiales;f__Venturiaceae;g__Venturia;NA
ESV134,p__Basidiomycota;c__Geminibasidiomycetes;o__Geminibasidiales;f__Geminibasidiaceae;g__Geminibasidium;NA
ESV135,p__Basidiomycota;c__Agaricomycetes;o__Agaricales;f__Inocybaceae;g__Inocybe;NA
ESV136,p__Ascomycota;c__Eurotiomycetes;o__Chaetothyriales;f__Herpotrichiellaceae;g__Capronia;NA
ESV137,p__Ascomycota;c__Eurotiomycetes;o__Eurotiales;f__Aspergillaceae;g__Penicillium;s__verhagenii
ESV138,p__Ascomycota;c__Sordariomycetes;o__Chaetosphaeriales;f__Chaetosphaeriaceae;g__Chloridium;s__chloroconium
ESV139,p__Ascomycota;c__Leotiomycetes;o__Helotiales;f__Helotiales_fam_Incertae_sedis;g__Leohumicola;NA
ESV140,p__Basidiomycota;c__Tremellomycetes;o__Cystofilobasidiales;f__Mrakiaceae;g__Tausonia;s__pullulans
ESV141,p__Basidiomycota;c__Agaricomycetes;o__Trechisporales;f__Hydnodontaceae;g__Trechispora;s__hymenocystis
ESV142,p__Ascomycota;c__Leotiomycetes;o__Helotiales;f__Hyaloscyphaceae;g__Lachnum;s__virgineum
ESV143,p__Basidiomycota;c__Microbotryomycetes;o__Leucosporidiales;NA;NA;NA
ESV144,p__Basidiomycota;c__Agaricomycetes;o__Russulales;f__Russulaceae;g__Russula;s__silvestris
ESV145,p__Ascomycota;c__Leotiomycetes;o__Helotiales;f__Dermateaceae;g__Cryptosporiopsis;NA
ESV146,p__Basidiomycota;c__Agaricomycetes;o__Agaricales;f__Tricholomataceae;g__Mycena;s__rebaudengoi
ESV147,p__Basidiomycota;c__Agaricomycetes;o__Agaricales;f__Inocybaceae;g__Inocybe;s__laetior
ESV148,p__Basidiomycota;c__Agaricomycetes;o__Agaricales;f__Cortinariaceae;g__Cortinarius;s__anomalovelatus
ESV149,p__Ascomycota;c__Eurotiomycetes;o__Eurotiales;f__Aspergillaceae;g__Penicillium;s__spinulosum
ESV150,p__Ascomycota;c__Leotiomycetes;o__Helotiales;f__Helotiales_fam_Incertae_sedis;g__Microglossum;NA
ESV151,p__Ascomycota;c__Sordariomycetes;o__Hypocreales;f__Nectriaceae;g__Ilyonectria;s__liriodendri
ESV152,p__Ascomycota;c__Dothideomycetes;o__Pleosporales;f__Pleomassariaceae;NA;NA
ESV153,p__Basidiomycota;c__Microbotryomycetes;o__Microbotryomycetes_ord_Incertae_sedis;f__Microbotryomycetes_fam_Incertae_sedis;g__Curvibasidium;s__cygneicollum
ESV154,p__Ascomycota;c__Geoglossomycetes;o__Geoglossales;f__Geoglossaceae;g__Geoglossum;s__difforme
ESV155,p__Mucoromycota;c__Umbelopsidomycetes;o__Umbelopsidales;f__Umbelopsidaceae;g__Umbelopsis;s__changbaiensis
ESV156,p__Basidiomycota;c__Agaricomycetes;o__Agaricales;f__Hygrophoraceae;g__Cuphophyllus;s__lacmus
ESV157,p__Basidiomycota;c__Agaricomycetes;o__Auriculariales;NA;NA;NA
ESV158,p__Basidiomycota;c__Agaricomycetes;o__Agaricales;f__Hygrophoraceae;g__Hygrocybe;s__spadicea
ESV159,p__Basidiomycota;c__Agaricomycetes;o__Cantharellales;f__Clavulinaceae;g__Membranomyces;NA
ESV160,p__Ascomycota;c__Sordariomycetes;o__Hypocreales;f__Hypocreaceae;g__Trichoderma;s__fertile
ESV161,p__Basidiomycota;c__Agaricomycetes;o__Russulales;f__Russulaceae;g__Russula;s__fellea
ESV162,p__Ascomycota;c__Sordariomycetes;o__Sordariales;f__Sordariaceae;g__Diplogelasinospora;s__grovesii
ESV163,p__Ascomycota;c__Pezizomycetes;o__Pezizales;f__Pyronemataceae;g__Cheilymenia;NA
ESV164,p__Ascomycota;c__Sordariomycetes;o__Hypocreales;f__Hypocreaceae;g__Trichoderma;s__rhododendri
ESV165,p__Basidiomycota;c__Agaricomycetes;o__Agaricales;f__Hygrophoraceae;NA;NA
ESV166,p__Ascomycota;c__Leotiomycetes;o__Helotiales;f__Leotiaceae;g__Gorgomyces;NA
ESV167,p__Mortierellomycota;c__Mortierellomycetes;o__Mortierellales;f__Mortierellaceae;g__Mortierella;NA
ESV168,p__Basidiomycota;c__Agaricomycetes;o__Agaricales;f__Lycoperdaceae;g__Lycoperdon;s__pyriforme
ESV169,p__Mortierellomycota;c__Mortierellomycetes;o__Mortierellales;f__Mortierellaceae;g__Mortierella;s__angusta
ESV170,p__Ascomycota;c__Pezizomycetes;o__Pezizales;f__Pyronemataceae;g__Anthracobia;s__melaloma
ESV171,p__Ascomycota;c__Leotiomycetes;o__Helotiales;f__Helotiales_fam_Incertae_sedis;g__Leohumicola;s__minima
ESV172,p__Ascomycota;c__Geoglossomycetes;o__Geoglossales;f__Geoglossaceae;g__Glutinoglossum;s__glutinosum
ESV173,p__Ascomycota;c__Leotiomycetes;o__Helotiales;f__Helotiales_fam_Incertae_sedis;g__Microglossum;s__rufum
ESV174,p__Ascomycota;c__Dothideomycetes;o__Pleosporales;f__Melanommataceae;g__Muriformistrickeria;s__rosae
ESV175,p__Mortierellomycota;c__Mortierellomycetes;o__Mortierellales;f__Mortierellaceae;g__Mortierella;s__hyalina
ESV176,p__Basidiomycota;c__Agaricomycetes;o__Cantharellales;f__Cantharellales_fam_Incertae_sedis;g__Sistotrema;s__oblongisporum
ESV177,p__Basidiomycota;c__Agaricomycetes;o__Thelephorales;f__Thelephoraceae;g__Tomentella;s__sublilacina
ESV178,p__Basidiomycota;c__Agaricomycetes;o__Hymenochaetales;f__Hymenochaetaceae;g__Hymenochaete;NA
ESV179,p__Basidiomycota;c__Tremellomycetes;o__Filobasidiales;f__Piskurozymaceae;g__Solicoccozyma;s__aeria
ESV180,p__Ascomycota;c__Leotiomycetes;o__Helotiales;f__Helotiaceae;g__Ascocoryne;s__cylichnium
ESV181,p__Basidiomycota;c__Agaricomycetes;o__Thelephorales;f__Thelephoraceae;NA;NA
ESV182,p__Ascomycota;c__Sordariomycetes;o__Xylariales;f__Xylariales_fam_Incertae_sedis;g__Phialemoniopsis;s__ocularis
ESV183,p__Ascomycota;c__Sordariomycetes;o__Hypocreales;f__Niessliaceae;NA;NA
ESV184,p__Ascomycota;c__Pezizomycetes;o__Pezizales;f__Pyronemataceae;g__Genea;s__hispidula
ESV185,p__Basidiomycota;c__Agaricomycetes;o__Agaricales;f__Inocybaceae;g__Inocybe;s__sindonia
ESV186,p__Ascomycota;c__Leotiomycetes;o__Helotiales;f__Hyaloscyphaceae;g__Hyaloscypha;NA
ESV187,p__Basidiomycota;c__Agaricomycetes;o__Agaricales;f__Clavariaceae;g__Clavaria;s__fumosa
ESV188,p__Ascomycota;c__Saccharomycetes;o__Saccharomycetales;NA;NA;NA
ESV189,p__Ascomycota;c__Eurotiomycetes;o__Eurotiales;f__Elaphomycetaceae;NA;NA
ESV190,p__Ascomycota;c__Sordariomycetes;o__Xylariales;f__Amphisphaeriaceae;g__Polyscytalum;s__eucalyptigenum
ESV191,p__Ascomycota;c__Eurotiomycetes;o__Eurotiales;f__Aspergillaceae;g__Penicillium;s__glabrum
ESV192,p__Ascomycota;c__Dothideomycetes;NA;NA;NA;NA
ESV193,p__Basidiomycota;c__Agaricomycetes;o__Cantharellales;f__Clavulinaceae;NA;NA
ESV194,p__Basidiomycota;c__Agaricomycetes;o__Agaricales;f__Tricholomataceae;g__Mycena;s__arcangeliana
ESV195,p__Ascomycota;c__Geoglossomycetes;o__Geoglossales;f__Geoglossaceae;g__Geoglossum;NA
ESV196,p__Basidiomycota;c__Agaricomycetes;o__Agaricales;f__Hygrophoraceae;g__Gliophorus;NA
ESV197,p__Ascomycota;c__Sordariomycetes;o__Sordariales;f__Cephalothecaceae;g__Phialemonium;NA
ESV198,p__Ascomycota;c__Eurotiomycetes;o__Sclerococcales;f__Dactylosporaceae;g__Dactylospora;s__vrijmoediae
ESV199,p__Ascomycota;c__Leotiomycetes;o__Helotiales;f__Helotiaceae;g__Coryne;s__atrovirens
ESV200,p__Basidiomycota;c__Tremellomycetes;o__Tremellales;f__Trimorphomycetaceae;g__Sugitazyma;s__miyagiana
ESV201,p__Ascomycota;c__Dothideomycetes;o__Capnodiales;f__Cladosporiaceae;g__Cladosporium;NA
ESV202,p__Ascomycota;c__Leotiomycetes;o__Helotiales;f__Dermateaceae;g__Rhizodermea;s__veluwensis
ESV203,p__Ascomycota;c__Leotiomycetes;o__Helotiales;f__Chaetomellaceae;g__Pilidium;NA
ESV204,p__Ascomycota;c__Orbiliomycetes;o__Orbiliales;f__Orbiliaceae;g__Orbilia;NA
ESV205,p__Ascomycota;c__Sordariomycetes;o__Chaetosphaeriales;f__Chaetosphaeriaceae;g__Chloridium;NA
ESV206,p__Basidiomycota;c__Agaricomycetes;o__Polyporales;f__Meruliaceae;g__Ceraceomyces;s__microsporus
ESV207,p__Ascomycota;c__Sordariomycetes;o__Hypocreales;f__Ophiocordycipitaceae;NA;NA
ESV208,p__Ascomycota;c__Dothideomycetes;o__Venturiales;f__Venturiaceae;g__Cylindrosympodium;s__lauri
ESV209,p__Basidiomycota;c__Agaricomycetes;o__Agaricales;f__Bolbitiaceae;g__Agrocybe;s__erebia
ESV210,p__Basidiomycota;c__Agaricomycetes;o__Cantharellales;f__Cantharellales_fam_Incertae_sedis;g__Sistotrema;NA
ESV211,p__Basidiomycota;c__Agaricomycetes;o__Russulales;f__Russulaceae;g__Russula;s__risigallina
ESV212,p__Ascomycota;c__Leotiomycetes;o__Thelebolales;f__Pseudeurotiaceae;g__Gymnostellatospora;s__canadensis
ESV213,p__Basidiomycota;c__Agaricomycetes;o__Polyporales;f__Xenasmataceae;g__Xenasmatella;s__vaga
ESV214,p__Basidiomycota;c__Agaricomycetes;o__Agaricales;f__Inocybaceae;g__Inocybe;s__acuta
ESV215,p__Ascomycota;c__Sordariomycetes;o__Hypoceales;f__Amplistromataceae;g__Amplistroma;s__erinaceum
ESV216,p__Ascomycota;c__Geoglossomycetes;o__Geoglossales;f__Geoglossaceae;g__Hemileucoglossum;s__alveolatum
ESV217,p__Basidiomycota;c__Agaricomycetes;NA;NA;NA;NA
ESV218,p__Basidiomycota;c__Agaricomycetes;o__Russulales;f__Russulaceae;g__Lactarius;s__cinereus
ESV219,p__Basidiomycota;c__Agaricomycetes;o__Cantharellales;f__Clavulinaceae;g__Clavulina;NA
ESV220,p__Ascomycota;c__Sordariomycetes;o__Hypocreales;f__Hypocreaceae;g__Trichoderma;s__pleuroticola
ESV221,p__Glomeromycota;c__Glomeromycetes;o__Glomerales;f__Glomeraceae;g__Glomus;NA
ESV222,p__Basidiomycota;c__Agaricomycetes;o__Agaricales;f__Cortinariaceae;g__Cortinarius;s__scaurus
ESV223,p__Basidiomycota;c__Agaricomycetes;o__Agaricales;f__Entolomataceae;g__Entoloma;NA
ESV224,p__Mortierellomycota;c__Mortierellomycetes;o__Mortierellales;f__Mortierellaceae;g__Mortierella;s__alliacea
ESV225,p__Basidiomycota;c__Agaricomycetes;o__Agaricales;f__Tricholomataceae;g__Mycena;s__zephirus
ESV226,p__Basidiomycota;c__Tremellomycetes;o__Tremellales;f__Phaeotremellaceae;g__Phaeotremella;s__skinneri
ESV227,p__Ascomycota;c__Sordariomycetes;o__Sordariales;f__Cephalothecaceae;g__Cephalotheca;NA
ESV228,p__Basidiomycota;c__Agaricomycetes;o__Sebacinales;f__Sebacinaceae;g__Sebacina;NA
ESV229,p__Ascomycota;c__Sordariomycetes;o__Sordariales;f__Helminthosphaeriaceae;g__Spadicoides;NA
ESV230,p__Basidiomycota;NA;NA;NA;NA;NA
ESV231,p__Ascomycota;c__Sordariomycetes;o__Hypocreales;f__Cordycipitaceae;g__Lecanicillium;s__flavidum
ESV232,p__Ascomycota;c__Sordariomycetes;o__Hypocreales;f__Ophiocordycipitaceae;g__Tolypocladium;NA
ESV233,p__Ascomycota;c__Leotiomycetes;o__Helotiales;f__Vibrisseaceae;g__Phialocephala;NA
ESV234,p__Ascomycota;c__Sordariomycetes;o__Ophiostomatales;f__Ophiostomataceae;g__Sporothrix;NA
ESV235,p__Basidiomycota;c__Tremellomycetes;o__Trichosporonales;f__Trichosporonaceae;g__Apiotrichum;s__xylopini
ESV236,p__Ascomycota;c__Leotiomycetes;o__Helotiales;f__Vibrisseaceae;g__Phialocephala;s__sphaeroides
ESV237,p__Ascomycota;c__GS35;o__GS35;NA;NA;NA
ESV238,p__Ascomycota;c__Sordariomycetes;o__Chaetosphaeriales;f__Chaetosphaeriaceae;g__Chaetosphaeria;NA
ESV239,p__Ascomycota;c__Leotiomycetes;o__Thelebolales;f__Pseudeurotiaceae;g__Gymnostellatospora;s__japonica
ESV240,p__Ascomycota;c__Eurotiomycetes;o__Eurotiales;NA;NA;NA
ESV241,p__Basidiomycota;c__Agaricomycetes;o__Trechisporales;f__Hydnodontaceae;g__Trechispora;NA
ESV242,p__Mortierellomycota;c__Mortierellomycetes;o__Mortierellales;f__Mortierellaceae;g__Mortierella;s__alpina
ESV243,p__Basidiomycota;c__Agaricomycetes;o__Russulales;f__Russulaceae;g__Lactarius;NA
ESV244,p__Ascomycota;c__Eurotiomycetes;NA;NA;NA;NA
ESV245,p__Ascomycota;c__Sordariomycetes;o__Hypocreales;f__Nectriaceae;g__Volutella;NA
ESV246,p__Ascomycota;c__Pezizomycetes;o__Pezizales;f__Pyronemataceae;g__Rhodoscypha;NA
ESV247,p__Ascomycota;c__Leotiomycetes;o__Helotiales;f__Vibrisseaceae;g__Phialocephala;s__glacialis
ESV248,p__Ascomycota;c__Leotiomycetes;o__Helotiales;f__Dermateaceae;g__Pezicula;s__ericae
ESV249,p__Ascomycota;c__Leotiomycetes;o__Helotiales;f__Helotiaceae;g__Hymenoscyphus;s__serotinus
ESV250,p__Ascomycota;c__Sordariomycetes;o__Hypocreales;f__Nectriaceae;g__Cosmospora;NA
ESV251,p__Ascomycota;c__Sordariomycetes;o__Hypocreales;f__Clavicipitaceae;g__Metarhizium;s__carneum
ESV252,p__Ascomycota;c__Leotiomycetes;o__Helotiales;f__Hyaloscyphaceae;g__Hyalopeziza;s__nectrioidea
ESV253,p__Glomeromycota;c__Glomeromycetes;o__Glomerales;f__Glomeraceae;NA;NA
ESV254,p__Basidiomycota;c__Agaricomycetes;o__Atheliales;f__Atheliaceae;g__Athelia;NA
ESV255,p__Ascomycota;c__Leotiomycetes;o__Helotiales;f__Hyaloscyphaceae;g__Catenulifera;NA
ESV256,p__Ascomycota;c__Dothideomycetes;o__Capnodiales;f__Teratosphaeriaceae;g__Capnobotryella;s__renispora
ESV257,p__Ascomycota;c__Geoglossomycetes;o__Geoglossales;f__Geoglossaceae;g__Geoglossum;s__fallax
ESV258,p__Basidiomycota;c__Agaricomycetes;o__Agaricales;f__Hygrophoraceae;g__Hygrocybe;s__nitrata
ESV259,p__Basidiomycota;c__Agaricomycetes;o__Agaricales;f__Hygrophoraceae;g__Hygrocybe;s__singeri
ESV260,p__Ascomycota;c__Sordariomycetes;o__Hypocreales;f__Niessliaceae;g__Niesslia;s__ilicifolia
ESV261,p__Basidiomycota;c__Agaricomycetes;o__Polyporales;f__Fomitopsidaceae;g__Postia;s__fragilis
ESV262,p__Basidiomycota;c__Agaricomycetes;o__Agaricales;f__Tricholomataceae;NA;NA
ESV263,p__Ascomycota;c__Leotiomycetes;o__Helotiales;f__Helotiaceae;g__Meliniomyces;s__variabilis
ESV264,p__Basidiomycota;c__Tremellomycetes;o__Filobasidiales;f__Piskurozymaceae;g__Piskurozyma;s__taiwanensis
ESV265,p__Ascomycota;c__Dothideomycetes;o__Capnodiales;f__Capnodiales_fam_Incertae_sedis;g__Pseudopenidiella;s__piceae
ESV266,p__Ascomycota;c__Leotiomycetes;o__Helotiales;f__Hyaloscyphaceae;g__Lachnum;NA
ESV267,p__Ascomycota;c__Dothideomycetes;o__Pleosporales;f__Pleosporaceae;g__Alternaria;s__alternata
ESV268,p__Ascomycota;c__Sordariomycetes;o__Hypocreales;f__Ophiocordycipitaceae;g__Polycephalomyces;NA
ESV269,p__Ascomycota;c__Dothideomycetes;o__Dothideales;f__Aureobasidiaceae;g__Aureobasidium;s__pullulans
ESV270,p__Basidiomycota;c__Agaricomycetes;o__Agaricales;f__Typhulaceae;NA;NA
ESV271,p__Basidiomycota;c__Agaricomycetes;o__Agaricales;f__Tricholomataceae;g__Tricholoma;s__columbetta
ESV272,p__Ascomycota;c__Leotiomycetes;o__Helotiales;f__Helotiales_fam_Incertae_sedis;NA;NA
ESV273,p__Basidiomycota;c__Agaricomycetes;o__Agaricales;f__Inocybaceae;NA;NA
ESV274,p__Ascomycota;c__Leotiomycetes;o__Helotiales;f__Helotiales_fam_Incertae_sedis;g__Microglossum;s__griseoviride
ESV275,p__Mucoromycota;c__Umbelopsidomycetes;o__Umbelopsidales;f__Umbelopsidaceae;g__Umbelopsis;s__ramanniana
ESV276,p__Rozellomycota;NA;NA;NA;NA;NA
ESV277,p__Basidiomycota;c__Agaricomycetes;o__Atheliales;f__Atheliaceae;g__Athelia;s__arachnoidea
ESV278,p__Basidiomycota;c__Agaricomycetes;o__Agaricales;f__Amanitaceae;g__Amanita;NA
ESV279,p__Ascomycota;c__Sordariomycetes;o__Xylariales;f__Xylariaceae;g__Nemania;NA
ESV280,p__Basidiomycota;c__Agaricomycetes;o__Agaricales;f__Entolomataceae;g__Entoloma;s__conferendum
ESV281,p__Ascomycota;c__Leotiomycetes;o__Thelebolales;f__Pseudeurotiaceae;NA;NA
ESV282,p__Ascomycota;c__Eurotiomycetes;o__Eurotiales;f__Elaphomycetaceae;g__Elaphomyces;s__muricatus
ESV283,p__Basidiomycota;c__Agaricomycetes;o__Agaricales;f__Tricholomataceae;g__Delicatula;s__integrella
ESV284,p__Ascomycota;c__Leotiomycetes;o__Helotiales;f__Helotiaceae;g__Crocicreas;NA
ESV285,p__Basidiomycota;c__Agaricomycetes;o__Agaricales;f__Psathyrellaceae;g__Homophron;s__cernuum
ESV286,p__Ascomycota;c__Geoglossomycetes;o__Geoglossales;f__Geoglossaceae;g__Geoglossum;s__atropurpureum
ESV287,p__Basidiomycota;c__Agaricomycetes;o__Boletales;NA;NA;NA
ESV288,p__Mortierellomycota;c__Mortierellomycetes;o__Mortierellales;f__Mortierellaceae;g__Mortierella;s__horticola
ESV289,p__Ascomycota;c__Dothideomycetes;o__Capnodiales;f__Teratosphaeriaceae;g__Teratosphaeria;NA
ESV290,p__Ascomycota;c__Leotiomycetes;o__Helotiales;f__Dermateaceae;g__Mollisia;s__cinerea
ESV291,p__Chytridiomycota;c__Spizellomycetes;o__Spizellomycetales;f__Powellomycetaceae;g__Powellomyces;NA
ESV292,p__Ascomycota;c__Lecanoromycetes;o__Lecanorales;f__Parmeliaceae;g__Hypogymnia;s__physodes
ESV293,p__Basidiomycota;c__Exobasidiomycetes;o__Exobasidiales;f__Exobasidiaceae;g__Exobasidium;s__miyabei
ESV294,p__Ascomycota;c__Dothideomycetes;o__Myriangiales;f__Elsinoaceae;NA;NA
ESV295,p__Mucoromycota;c__Umbelopsidomycetes;NA;NA;NA;NA
ESV296,p__Mortierellomycota;c__Mortierellomycetes;o__Mortierellales;f__Mortierellaceae;g__Mortierella;s__pulchella
ESV297,p__Ascomycota;c__Leotiomycetes;o__Helotiales;f__Helotiaceae;g__Fontanospora;s__fusiramosa
ESV298,p__Basidiomycota;c__Agaricomycetes;o__Agaricales;f__Tricholomataceae;g__Mycena;s__pura
ESV299,p__Mortierellomycota;c__Mortierellomycetes;o__Mortierellales;f__Mortierellaceae;g__Mortierella;s__gamsii
ESV300,p__Basidiomycota;c__Agaricomycetes;o__Agaricales;f__Clavariaceae;g__Clavaria;s__falcata
ESV301,p__Chytridiomycota;c__Lobulomycetes;o__Lobulomycetales;f__Lobulomycetaceae;NA;NA
ESV302,p__Basidiomycota;c__Agaricomycetes;o__Agaricales;f__Clavariaceae;g__Ramariopsis;NA
ESV303,p__Basidiomycota;c__Agaricomycetes;o__Agaricales;f__Strophariaceae;g__Psilocybe;s__montana
ESV304,p__Ascomycota;c__Lecanoromycetes;NA;NA;NA;NA
ESV305,p__Basidiomycota;c__Agaricomycetes;o__Agaricales;f__Clavariaceae;g__Clavulinopsis;s__laeticolor
ESV306,p__Basidiomycota;c__Geminibasidiomycetes;o__Geminibasidiales;f__Geminibasidiaceae;g__Basidioascus;s__undulatus
ESV307,p__Basidiomycota;c__Agaricomycetes;o__Agaricales;f__Lycoperdaceae;g__Lycoperdon;NA
ESV308,p__Ascomycota;c__Sordariomycetes;o__Xylariales;f__Xylariales_fam_Incertae_sedis;NA;NA
ESV309,p__Basidiomycota;c__Agaricomycetes;o__Agaricales;f__Strophariaceae;g__Galerina;NA
ESV310,p__Basidiomycota;c__Agaricomycetes;o__Cantharellales;NA;NA;NA
ESV311,p__Ascomycota;c__Eurotiomycetes;o__Eurotiales;f__Aspergillaceae;g__Penicillium;s__simplicissimum
ESV312,p__Ascomycota;c__Pezizomycetes;o__Pezizales;f__Sarcosomataceae;NA;NA
ESV313,p__Basidiomycota;c__Agaricomycetes;o__Thelephorales;f__Thelephoraceae;g__Tomentella;s__stuposa
ESV314,p__Ascomycota;c__Dothideomycetes;o__Venturiales;f__Sympoventuriaceae;g__Fusicladium;NA
ESV315,p__Basidiomycota;c__Agaricomycetes;o__Russulales;f__Russulaceae;g__Lactarius;s__fuliginosus
ESV316,p__Basidiomycota;c__Agaricomycetes;o__Polyporales;f__Steccherinaceae;g__Steccherinum;s__bourdotii
ESV317,p__Ascomycota;c__Eurotiomycetes;o__Eurotiales;f__Aspergillaceae;g__Penicillium;s__riverlandense
ESV318,p__Basidiomycota;c__Agaricomycetes;o__Agaricales;f__Amanitaceae;g__Amanita;s__sepiacea
ESV319,p__Ascomycota;c__Pezizomycetes;o__Pezizales;f__Pyronemataceae;g__Byssonectria;s__fusispora
ESV320,p__Basidiomycota;c__Dacrymycetes;o__Dacrymycetales;f__Dacrymycetaceae;NA;NA
ESV321,p__Ascomycota;c__Lecanoromycetes;o__Pertusariales;f__Megasporaceae;g__Aspicilia;NA
ESV322,p__Basidiomycota;c__Agaricomycetes;o__Thelephorales;f__Thelephoraceae;g__Tomentella;s__coerulea
ESV323,p__Ascomycota;c__Leotiomycetes;o__Helotiales;f__Helotiaceae;g__Meliniomyces;s__bicolor
ESV324,p__Basidiomycota;c__Agaricomycetes;o__Agaricales;f__Clavariaceae;g__Clavulinopsis;s__luteoalba
ESV325,p__Mucoromycota;NA;NA;NA;NA;NA
ESV326,p__Ascomycota;c__Eurotiomycetes;o__Chaetothyriales;f__Trichomeriaceae;g__Knufia;s__peltigerae
ESV327,p__Basidiomycota;c__Agaricomycetes;o__Trechisporales;f__Hydnodontaceae;g__Luellia;NA
ESV328,p__Ascomycota;c__Sordariomycetes;o__Hypocreales;f__Hypocreaceae;g__Trichoderma;s__harzianum
ESV329,p__Basidiomycota;c__Agaricomycetes;o__Agaricales;f__Entolomataceae;g__Entoloma;s__exile
ESV330,p__Ascomycota;c__Eurotiomycetes;o__Chaetothyriales;f__Herpotrichiellaceae;g__Rhinocladiella;NA
ESV331,p__Olpidiomycota;c__GS18;o__GS18;NA;NA;NA
ESV332,p__Ascomycota;c__Leotiomycetes;o__Helotiales;f__Myxotrichaceae;g__Oidiodendron;s__rhodogenum
ESV333,p__Basidiomycota;c__Agaricomycetes;o__Hymenochaetales;f__Schizoporaceae;g__Xylodon;s__rimosissimus
ESV334,p__Basidiomycota;c__Agaricomycetes;o__Agaricales;f__Amanitaceae;g__Amanita;s__groenlandica
ESV335,p__Ascomycota;c__Eurotiomycetes;o__Eurotiales;f__Aspergillaceae;g__Penicillium;s__bialowiezense
ESV336,p__Ascomycota;c__Leotiomycetes;o__Helotiales;f__Helotiaceae;g__Rhizoscyphus;s__monotropae
ESV337,p__Basidiomycota;c__Agaricomycetes;o__Thelephorales;f__Thelephoraceae;g__Tomentella;s__terrestris
ESV338,p__Basidiomycota;c__Agaricomycetes;o__Agaricales;f__Tricholomataceae;g__Mycena;s__silvae-nigrae
ESV339,p__Basidiomycota;c__Agaricomycetes;o__Agaricales;f__Crepidotaceae;g__Crepidotus;s__cesatii
ESV340,p__Ascomycota;c__Leotiomycetes;o__Helotiales;f__Helotiales_fam_Incertae_sedis;g__Leptodontidium;NA
ESV341,p__Basidiomycota;c__Agaricomycetes;o__Agaricales;f__Hygrophoraceae;g__Hygrophorus;s__albicastaneus
ESV342,p__Ascomycota;c__Orbiliomycetes;o__Orbiliales;f__Orbiliaceae;g__Arthrobotrys;s__entomopaga
ESV343,p__Basidiomycota;c__Agaricomycetes;o__Hymenochaetales;f__Hymenochaetaceae;g__Hymenochaete;s__acerosa
ESV344,p__Ascomycota;c__Archaeorhizomycetes;o__Archaeorhizomycetales;f__Archaeorhizomycetaceae;g__Archaeorhizomyces;NA
ESV345,p__Ascomycota;c__Pezizomycotina_cls_Incertae_sedis;o__Pezizomycotina_ord_Incertae_sedis;f__Pezizomycotina_fam_Incertae_sedis;g__Triscelophorus;NA
ESV346,p__Rozellomycota;c__Rozellomycotina_cls_Incertae_sedis;o__GS11;NA;NA;NA
ESV347,p__Basidiomycota;c__Agaricomycetes;o__Boletales;f__Rhizopogonaceae;g__Rhizopogon;s__evadens
ESV348,p__Mortierellomycota;c__Mortierellomycetes;o__Mortierellales;f__Mortierellaceae;g__Mortierella;s__globulifera
ESV349,p__Ascomycota;c__Sordariomycetes;o__Diaporthales;f__Schizoparmaceae;NA;NA
ESV350,p__Ascomycota;c__Dothideomycetes;o__Capnodiales;f__Capnodiales_fam_Incertae_sedis;g__Arthrocatena;s__tenebrio
ESV351,p__Basidiomycota;c__Agaricomycetes;o__Agaricales;f__Hydnangiaceae;g__Laccaria;NA
ESV352,p__Basidiomycota;c__Agaricomycetes;o__Atheliales;f__Atheliaceae;g__Byssocorticium;NA
ESV353,p__Ascomycota;c__Leotiomycetes;o__Helotiales;f__Dermateaceae;g__Pezicula;s__corylina
ESV354,p__Basidiomycota;c__Agaricomycetes;o__Agaricales;f__Tricholomataceae;g__Leucopaxillus;s__albissimus
ESV355,p__Ascomycota;c__Leotiomycetes;o__Helotiales;f__Dermateaceae;g__Mollisia;s__dextrinospora
ESV356,NA;NA;NA;NA;NA;NA
ESV357,p__Ascomycota;c__Dothideomycetes;o__Capnodiales;f__Mycosphaerellaceae;g__Mycosphaerella;s__tassiana
ESV358,p__Ascomycota;c__Dothideomycetes;o__Pleosporales;f__Amorosiaceae;g__Angustimassarina;s__acerina
ESV359,p__Basidiomycota;c__Agaricomycetes;o__Agaricales;f__Cortinariaceae;g__Cortinarius;NA
ESV360,p__Basidiomycota;c__Agaricomycetes;o__Hymenochaetales;f__Hymenochaetales_fam_Incertae_sedis;g__Peniophorella;NA
ESV361,p__Mortierellomycota;c__Mortierellomycetes;o__Mortierellales;f__Mortierellaceae;g__Mortierella;s__parvispora
ESV362,p__Ascomycota;c__Dothideomycetes;o__Pleosporales;f__Cucurbitariaceae;NA;NA
ESV363,p__Ascomycota;c__Sordariomycetes;o__Hypocreales;f__Cordycipitaceae;g__Lecanicillium;NA
ESV364,p__Basidiomycota;c__Agaricomycetes;o__Agaricales;f__Marasmiaceae;g__Marasmius;s__rotula
ESV365,p__Ascomycota;c__Sordariomycetes;o__Microascales;f__Halosphaeriaceae;g__Clavatospora;s__longibrachiata
ESV366,p__Basidiomycota;c__Agaricostilbomycetes;o__Agaricostilbales;f__Agaricostilbaceae;g__Pseudobensingtonia;s__musae
ESV367,p__Ascomycota;c__Leotiomycetes;o__Helotiales;f__Helotiaceae;g__Meliniomyces;s__vraolstadiae
ESV368,p__Ascomycota;c__Sordariomycetes;o__Glomerellales;f__Plectosphaerellaceae;g__Verticillium;s__leptobactrum
ESV369,p__Ascomycota;c__Sordariomycetes;o__Chaetosphaeriales;f__Chaetosphaeriaceae;g__Dictyochaeta;NA
ESV370,p__Basidiomycota;c__Agaricomycetes;o__Russulales;f__Russulaceae;g__Russula;s__puellaris
ESV371,p__Ascomycota;c__Leotiomycetes;o__Thelebolales;f__Pseudeurotiaceae;g__Pseudogymnoascus;s__roseus
ESV372,p__Basidiomycota;c__Agaricomycetes;o__Agaricales;f__Entolomataceae;g__Entoloma;s__fulvoviolaceum
ESV373,p__Ascomycota;c__Dothideomycetes;o__Capnodiales;f__Teratosphaeriaceae;NA;NA
ESV374,p__Ascomycota;c__Dothideomycetes;o__Pleosporales;f__Didymosphaeriaceae;g__Paraconiothyrium;NA
ESV375,p__Ascomycota;c__Leotiomycetes;o__Helotiales;f__Helotiales_fam_Incertae_sedis;g__Roesleria;s__subterranea
ESV376,p__Ascomycota;c__Geoglossomycetes;o__Geoglossales;f__Geoglossaceae;g__Trichoglossum;s__hirsutum
ESV377,p__Basidiomycota;c__Agaricomycetes;o__Thelephorales;f__Thelephoraceae;g__Tomentella;NA
ESV378,p__Basidiomycota;c__Agaricomycetes;o__Agaricales;f__Hygrophoraceae;g__Hygrocybe;s__phaeococcinea
ESV379,p__Basidiomycota;c__Agaricomycetes;o__Agaricales;f__Inocybaceae;g__Inocybe;s__sambucina
ESV380,p__Basidiomycota;c__Agaricomycetes;o__Polyporales;f__Ganodermataceae;g__Ganoderma;s__tsugae
ESV381,p__Basidiomycota;c__Tremellomycetes;o__Cystofilobasidiales;NA;NA;NA
ESV382,p__Basidiomycota;c__Agaricomycetes;o__Agaricales;f__Tricholomataceae;g__Mycena;s__polyadelpha
ESV383,p__Ascomycota;c__Sordariomycetes;o__Hypocreales;f__Bionectriaceae;g__Nectriopsis;s__tremellicola
ESV384,p__Ascomycota;c__Eurotiomycetes;o__Eurotiales;f__Aspergillaceae;g__Aspergillus;NA
ESV385,p__Ascomycota;c__Leotiomycetes;o__Helotiales;f__Helotiaceae;g__Crocicreas;s__epicalamia
ESV386,p__Ascomycota;c__Dothideomycetes;o__Pleosporales;f__Melanommataceae;NA;NA
ESV387,p__Basidiomycota;c__Microbotryomycetes;NA;NA;NA;NA
ESV388,p__Ascomycota;c__Sordariomycetes;o__Xylariales;f__Xylariales_fam_Incertae_sedis;g__Phlogicylindrium;NA
ESV389,p__Ascomycota;c__Eurotiomycetes;o__Chaetothyriales;f__Herpotrichiellaceae;g__Capronia;s__pilosella
ESV390,p__Basidiomycota;c__Agaricomycetes;o__Agaricales;f__Pluteaceae;g__Pluteus;s__elaphinus
ESV391,p__Ascomycota;c__Eurotiomycetes;o__Eurotiales;f__Aspergillaceae;g__Penicillium;s__atrosanguineum
ESV392,p__Ascomycota;c__Dothideomycetes;o__Dothideales;f__Dothioraceae;g__Sydowia;s__polyspora
ESV393,p__Basidiomycota;c__Agaricomycetes;o__Agaricales;f__Strophariaceae;g__Pholiota;s__lenta
ESV394,p__Basidiomycota;c__Agaricomycetes;o__Atheliales;f__Atheliaceae;g__Athelia;s__singularis
ESV395,p__Ascomycota;c__Sordariomycetes;o__Hypocreales;f__Hypocreales_fam_Incertae_sedis;g__Acremonium;s__spinosum
ESV396,p__Ascomycota;c__Pezizomycetes;o__Pezizales;f__Pyronemataceae;g__Sphaerosporella;NA
ESV397,p__Basidiomycota;c__Agaricomycetes;o__Agaricales;f__Tricholomataceae;g__Mycena;s__leptocephala
ESV398,p__Ascomycota;c__Sordariomycetes;o__Hypocreales;f__Hypocreaceae;g__Sphaerostilbella;s__parabroomeana
ESV399,p__Basidiobolomycota;c__Basidiobolomycetes;o__Basidiobolales;f__Basidiobolaceae;g__Basidiobolus;s__ranarum
ESV400,p__Basidiomycota;c__Agaricomycetes;o__Agaricales;f__Tricholomataceae;g__Pseudotricholoma;s__umbrosum
ESV401,p__Basidiomycota;c__Agaricomycetes;o__Agaricales;f__Lycoperdaceae;g__Lycoperdon;s__subincarnatum
ESV402,p__Ascomycota;c__Dothideomycetes;o__Hysteriales;f__Hysteriaceae;g__Hysterium;s__pulicare
ESV403,p__Basidiomycota;c__Spiculogloeomycetes;o__Spiculogloeales;f__Spiculogloeaceae;g__Phyllozyma;NA
ESV404,p__Ascomycota;c__Leotiomycetes;o__Helotiales;f__Rutstroemiaceae;g__Rutstroemia;NA
ESV405,p__Basidiomycota;c__Agaricomycetes;o__Agaricales;f__Hygrophoraceae;g__Hygrocybe;s__parvula
ESV406,p__Ascomycota;c__Sordariomycetes;o__Hypocreales;f__Ophiocordycipitaceae;g__Hirsutella;s__rhossiliensis
ESV407,p__Ascomycota;c__Leotiomycetes;o__Helotiales;f__Vibrisseaceae;g__Phialocephala;s__humicola
ESV408,p__Ascomycota;c__Leotiomycetes;o__Helotiales;f__Helotiales_fam_Incertae_sedis;g__Chalara;s__pseudoaffinis
ESV409,p__Basidiomycota;c__Agaricomycetes;o__Trechisporales;f__Hydnodontaceae;g__Trechispora;s__stevensonii
ESV410,p__Ascomycota;c__Eurotiomycetes;o__Chaetothyriales;f__Chaetothyriaceae;g__Camptophora;s__hylomeconis
ESV411,p__Basidiomycota;c__Agaricomycetes;o__Agaricales;f__Entolomataceae;g__Entoloma;s__cuspidiferum
ESV412,p__Basidiomycota;c__Agaricomycetes;o__Boletales;f__Suillaceae;g__Suillus;s__spraguei
ESV413,p__Ascomycota;c__Leotiomycetes;o__Helotiales;f__Myxotrichaceae;g__Oidiodendron;s__periconioides
ESV414,p__Basidiomycota;c__Agaricomycetes;o__Polyporales;f__Hyphodermataceae;g__Hyphoderma;s__definitum
ESV415,p__Ascomycota;c__Dothideomycetes;o__Pleosporales;f__Pleosporales_fam_Incertae_sedis;g__Megacapitula;s__villosa
ESV416,p__Basidiomycota;c__Agaricomycetes;o__Agaricales;f__Lycoperdaceae;g__Lycoperdon;s__nigrescens
ESV417,p__Basidiomycota;c__Agaricomycetes;o__Agaricales;f__Clavariaceae;g__Clavaria;s__rosea
ESV418,p__Ascomycota;c__Pezizomycetes;o__Pezizales;f__Tuberaceae;g__Tuber;s__separans
ESV419,p__Ascomycota;c__Dothideomycetes;o__Pleosporales;f__Pleosporales_fam_Incertae_sedis;g__Cryptocoryneum;NA
ESV420,p__Basidiomycota;c__Agaricomycetes;o__Agaricales;f__Stephanosporaceae;NA;NA
ESV421,p__Ascomycota;c__Sordariomycetes;o__Hypocreales;f__Hypocreaceae;g__Trichoderma;s__parapiluliferum
ESV422,p__Ascomycota;c__Sordariomycetes;o__Coniochaetales;f__Coniochaetaceae;NA;NA
ESV423,p__Ascomycota;c__Sordariomycetes;o__Sordariales;f__Chaetomiaceae;g__Chaetomium;NA
ESV424,p__Basidiomycota;c__Agaricomycetes;o__Russulales;f__Russulaceae;g__Russula;s__favrei
ESV425,p__Ascomycota;c__Leotiomycetes;o__Helotiales;f__Hyaloscyphaceae;g__Gyoerffyella;NA
ESV426,p__Ascomycota;c__Eurotiomycetes;o__Chaetothyriales;f__Herpotrichiellaceae;g__Exophiala;s__salmonis
ESV427,p__Ascomycota;c__Leotiomycetes;o__Helotiales;f__Hyaloscyphaceae;g__Arachnopeziza;s__aurata
ESV428,p__Basidiomycota;c__Agaricomycetes;o__Agaricales;f__Amanitaceae;g__Amanita;s__flavoconia
ESV429,p__Mortierellomycota;c__Mortierellomycetes;o__Mortierellales;f__Mortierellaceae;g__Mortierella;s__beljakovae
ESV430,p__Ascomycota;c__Sordariomycetes;o__Hypocreales;f__Hypocreaceae;g__Trichoderma;s__piluliferum
ESV431,p__Basidiomycota;c__Agaricomycetes;o__Hymenochaetales;f__Hymenochaetales_fam_Incertae_sedis;g__Peniophorella;s__pubera
ESV432,p__Basidiomycota;c__Agaricomycetes;o__Auriculariales;f__Exidiaceae;g__Basidiodendron;NA
ESV433,p__Ascomycota;c__Dothideomycetes;o__Pleosporales;f__Leptosphaeriaceae;g__Plenodomus;s__biglobosus
ESV434,p__Basidiomycota;c__Agaricomycetes;o__Atheliales;NA;NA;NA
ESV435,p__Ascomycota;c__Dothideomycetes;o__Pleosporales;f__Didymellaceae;g__Epicoccum;NA
ESV436,p__Ascomycota;c__Dothideomycetes;o__Botryosphaeriales;f__Botryosphaeriaceae;g__Botryosphaeria;s__quercuum
ESV437,p__Basidiomycota;c__Agaricomycetes;o__Russulales;f__Hericiaceae;g__Hericium;s__alpestre
ESV438,p__Basidiomycota;c__Agaricomycetes;o__Agaricales;f__Cortinariaceae;g__Cortinarius;s__laetissimus
ESV439,p__Ascomycota;c__Dothideomycetes;o__Pleosporales;f__Lophiostomataceae;g__Sigarispora;s__arundinis
ESV440,p__Basidiomycota;c__Agaricomycetes;o__Hymenochaetales;NA;NA;NA
ESV441,p__Ascomycota;c__Sordariomycetes;o__Sordariales;f__Lasiosphaeriaceae;g__Apiosordaria;s__otanii
ESV442,p__Ascomycota;c__Sordariomycetes;o__Diaporthales;f__Gnomoniaceae;NA;NA
ESV443,p__Ascomycota;c__Sordariomycetes;o__Xylariales;f__Xylariaceae;g__Rosellinia;s__abscondita
ESV444,p__Basidiomycota;c__Agaricomycetes;o__Trechisporales;f__Hydnodontaceae;NA;NA
ESV445,p__Ascomycota;c__Leotiomycetes;o__Helotiales;f__Helotiaceae;g__Helicodendron;s__luteoalbum
ESV446,p__Basidiomycota;c__Tremellomycetes;o__Filobasidiales;f__Piskurozymaceae;g__Piskurozyma;s__cylindrica
ESV447,p__Ascomycota;c__Lecanoromycetes;o__Lecanorales;NA;NA;NA
ESV448,p__Basidiomycota;c__Agaricomycetes;o__Agaricales;f__Crepidotaceae;g__Crepidotus;s__crocophyllus
ESV449,p__Ascomycota;c__Dothideomycetes;o__Capnodiales;f__Mycosphaerellaceae;g__Mycosphaerella;s__latebrosa
ESV450,p__Ascomycota;c__Leotiomycetes;o__Helotiales;f__Sclerotiniaceae;g__Mycopappus;NA
ESV451,p__Ascomycota;c__Eurotiomycetes;o__Eurotiales;f__Aspergillaceae;g__Penicillium;s__penicillioides
ESV452,p__Basidiomycota;c__Agaricomycetes;o__Agaricales;f__Tricholomataceae;g__Ampulloclitocybe;s__clavipes
ESV453,p__Basidiomycota;c__Agaricomycetes;o__Agaricales;f__Clavariaceae;g__Clavaria;NA
ESV454,p__Ascomycota;c__Sordariomycetes;o__Hypocreales;f__Bionectriaceae;NA;NA
ESV455,p__Basidiomycota;c__Agaricomycetes;o__Agaricales;f__Entolomataceae;g__Entoloma;s__chalybeum
ESV456,p__Basidiomycota;c__Agaricomycetes;o__Trechisporales;f__Hydnodontaceae;g__Trechispora;s__stellulata
ESV457,p__Ascomycota;c__Leotiomycetes;o__Helotiales;f__Helotiales_fam_Incertae_sedis;g__Coleophoma;NA
ESV458,p__Basidiomycota;c__Tremellomycetes;o__Tremellales;f__Tremellaceae;g__Tremella;NA
ESV459,p__Ascomycota;c__Sordariomycetes;o__Myrmecridiales;NA;NA;NA
ESV460,p__Ascomycota;c__Arthoniomycetes;o__Lichenostigmatales;f__Phaeococcomycetaceae;g__Phaeococcomyces;NA
ESV461,p__Basidiomycota;c__Agaricomycetes;o__Polyporales;f__Meruliaceae;g__Scopuloides;s__hydnoides
ESV462,p__Basidiomycota;c__Agaricomycetes;o__Agaricales;f__Inocybaceae;g__Inocybe;s__napipes
ESV463,p__Ascomycota;c__Eurotiomycetes;o__Eurotiales;f__Aspergillaceae;g__Aspergillus;s__tardus
ESV464,p__Ascomycota;c__Dothideomycetes;o__Pleosporales;f__Didymosphaeriaceae;g__Paraconiothyrium;s__brasiliense
ESV465,p__Basidiomycota;c__Agaricomycetes;o__Thelephorales;f__Thelephoraceae;g__Pseudotomentella;s__tristis
ESV466,p__Basidiomycota;c__Tremellomycetes;NA;NA;NA;NA
ESV467,p__Mucoromycota;c__Mucoromycetes;o__Mucorales;f__Mucoraceae;NA;NA
ESV468,p__Ascomycota;c__Dothideomycetes;o__Capnodiales;f__Mycosphaerellaceae;NA;NA
ESV469,p__Basidiomycota;c__Agaricomycetes;o__Agaricales;f__Entolomataceae;g__Entoloma;s__clandestinum
ESV470,p__Ascomycota;c__Sordariomycetes;o__Sordariales;NA;NA;NA
ESV471,p__Ascomycota;c__Dothideomycetes;o__Capnodiales;f__Mycosphaerellaceae;g__Sphaerulina;NA
ESV472,p__Chytridiomycota;c__Spizellomycetes;o__Spizellomycetales;f__Spizellomycetaceae;g__Spizellomyces;NA
ESV473,p__Basidiomycota;c__Agaricomycetes;o__Boletales;f__Boletaceae;g__Boletus;s__subvelutipes
ESV474,p__Ascomycota;c__Eurotiomycetes;o__Eurotiales;f__Aspergillaceae;g__Penicillium;s__soppii
ESV475,p__Basidiomycota;c__Agaricomycetes;o__Agaricales;f__Pleurotaceae;NA;NA
ESV476,p__Basidiomycota;c__Tremellomycetes;o__Tremellales;f__Phaeotremellaceae;g__Phaeotremella;s__fagi
ESV477,p__Calcarisporiellomycota;c__Calcarisporiellomycetes;o__Calcarisporiellales;f__Calcarisporiellaceae;g__Calcarisporiella;s__thermophila
ESV478,p__Ascomycota;c__Dothideomycetes;o__Pleosporales;f__Pleosporales_fam_Incertae_sedis;g__Nigrograna;NA
ESV479,p__Ascomycota;c__Eurotiomycetes;o__Chaetothyriales;f__Herpotrichiellaceae;g__Capronia;s__pulcherrima
ESV480,p__Basidiomycota;c__Agaricomycetes;o__Russulales;f__Russulaceae;g__Russula;s__grata
ESV481,p__Ascomycota;c__Dothideomycetes;o__Capnodiales;NA;NA;NA
ESV482,p__Ascomycota;c__Eurotiomycetes;o__Chaetothyriales;f__Cyphellophoraceae;g__Cyphellophora;s__sessilis
ESV483,p__Basidiomycota;c__Microbotryomycetes;o__Microbotryomycetes_ord_Incertae_sedis;f__Chrysozymaceae;NA;NA
ESV484,p__Ascomycota;c__Eurotiomycetes;o__Coryneliales;f__Coryneliaceae;g__Caliciopsis;s__beckhausii
ESV485,p__Basidiomycota;c__Agaricomycetes;o__Thelephorales;f__Thelephoraceae;g__Tomentella;s__badia
ESV486,p__Basidiomycota;c__Agaricomycetes;o__Boletales;f__Sclerodermataceae;g__Scleroderma;s__citrinum
ESV487,p__Basidiomycota;c__Agaricomycetes;o__Polyporales;f__Meruliaceae;g__Uncobasidium;NA
ESV488,p__Basidiomycota;c__Agaricomycetes;o__Agaricales;f__Strophariaceae;g__Pholiota;s__mixta
ESV489,p__Basidiomycota;c__Microbotryomycetes;o__Kriegeriales;f__Kriegeriaceae;NA;NA
ESV490,p__Ascomycota;c__Dothideomycetes;o__Pleosporales;f__Didymellaceae;g__Didymella;s__bellidis
ESV491,p__Basidiomycota;c__Tremellomycetes;o__Tremellales;f__Tremellaceae;g__Cryptococcus;NA
ESV492,p__Ascomycota;c__Eurotiomycetes;o__Eurotiales;f__Elaphomycetaceae;g__Elaphomyces;s__cyanosporus
ESV493,p__Basidiomycota;c__Agaricomycetes;o__Polyporales;f__Polyporaceae;g__Datronia;s__mollis
ESV494,p__Basidiomycota;c__Agaricomycetes;o__Agaricales;f__Omphalotaceae;g__Rhodocollybia;s__butyracea
ESV495,p__Ascomycota;c__Eurotiomycetes;o__Eurotiales;f__Aspergillaceae;g__Penicillium;NA
ESV496,p__Mucoromycota;c__Mucoromycetes;o__Mucorales;f__Cunninghamellaceae;g__Absidia;s__caerulea
ESV497,p__Ascomycota;c__Dothideomycetes;o__Pleosporales;f__Cucurbitariaceae;g__Pyrenochaeta;NA
ESV498,p__Basidiomycota;c__Tremellomycetes;o__Filobasidiales;f__Filobasidiaceae;g__Heterocephalacria;NA
ESV499,p__Basidiomycota;c__Tremellomycetes;o__Filobasidiales;f__Filobasidiaceae;g__Heterocephalacria;s__arrabidensis
ESV500,p__Ascomycota;c__Pezizomycetes;o__Pezizales;f__Discinaceae;g__Hydnotrya;NA
ESV501,p__Ascomycota;c__Dothideomycetes;o__Pleosporales;NA;NA;NA
ESV502,p__Basidiomycota;c__Cystobasidiomycetes;o__Erythrobasidiales;f__Erythrobasidiaceae;g__Erythrobasidium;NA
ESV503,p__Ascomycota;c__Archaeorhizomycetes;o__Archaeorhizomycetales;f__Archaeorhizomycetaceae;g__Archaeorhizomyces;s__finlayi
ESV504,p__Basidiomycota;c__Agaricomycetes;o__Trechisporales;f__Hydnodontaceae;g__Trechispora;s__mollusca
ESV505,p__Ascomycota;c__Dothideomycetes;o__Pleosporales;f__Didymellaceae;g__Phoma;s__herbarum
ESV506,p__Ascomycota;c__Leotiomycetes;o__Helotiales;f__Helotiales_fam_Incertae_sedis;g__Chalara;s__microspora
ESV507,p__Ascomycota;c__Orbiliomycetes;o__Orbiliales;f__Orbiliaceae;g__Hyalorbilia;NA
ESV508,p__Basidiomycota;c__Agaricomycetes;o__Agaricales;f__Entolomataceae;g__Entoloma;s__insidiosum
ESV509,p__Ascomycota;c__Dothideomycetes;o__Tubeufiales;f__Tubeufiaceae;g__Helicoma;s__fumosum
ESV510,p__Glomeromycota;c__Glomeromycetes;o__Glomerales;f__Glomeraceae;g__Dominikia;s__aurea
ESV511,p__Basidiomycota;c__GS27;o__GS27;NA;NA;NA
ESV512,p__Basidiomycota;c__Agaricomycetes;o__Polyporales;f__Ganodermataceae;g__Perenniporia;s__subacida
ESV513,p__Basidiomycota;c__Agaricomycetes;o__Agaricales;f__Cortinariaceae;g__Cortinarius;s__armillatus
ESV514,p__Basidiomycota;c__Agaricomycetes;o__Agaricales;f__Mycenaceae;NA;NA
ESV515,p__Ascomycota;c__Leotiomycetes;o__Helotiales;f__Hyaloscyphaceae;g__Venturiocistella;NA
ESV516,p__Basidiomycota;c__Agaricomycetes;o__Agaricales;f__Hygrophoraceae;g__Hygrocybe;s__ceracea
ESV517,p__Ascomycota;c__Dothideomycetes;o__Pleosporales;f__Sporormiaceae;NA;NA
ESV518,p__Basidiomycota;c__Tremellomycetes;o__Tremellales;f__Tremellaceae;g__Cryptococcus;s__cuniculi
ESV519,p__Basidiomycota;c__Agaricomycetes;o__Agaricales;f__Entolomataceae;NA;NA
ESV520,p__Ascomycota;c__Sordariomycetes;o__Sordariales;f__Jobellisiaceae;g__Jobellisia;s__guangdongensis
ESV521,p__Ascomycota;c__Sordariomycetes;o__Xylariales;f__Xylariaceae;g__Xylaria;NA
ESV522,p__Ascomycota;c__Sordariomycetes;o__Hypocreales;f__Cordycipitaceae;g__Cordyceps;NA
ESV523,p__Basidiomycota;c__Agaricomycetes;o__Agaricales;f__Entolomataceae;g__Entoloma;s__infula
ESV524,p__Basidiomycota;c__Microbotryomycetes;o__Kriegeriales;f__Kriegeriaceae;g__Phenoliferia;s__psychrophenolica
ESV525,p__Mortierellomycota;c__Mortierellomycetes;o__Mortierellales;f__Mortierellaceae;g__Mortierella;s__elongata
ESV526,p__Basidiomycota;c__Agaricomycetes;o__Tremellodendropsidales;NA;NA;NA
ESV527,p__Basidiomycota;c__Agaricomycetes;o__Agaricales;f__Amanitaceae;g__Amanita;s__lavendula
ESV528,p__Ascomycota;c__Eurotiomycetes;o__Chaetothyriales;f__Chaetothyriaceae;g__Ceramothyrium;s__carniolicum
ESV529,p__Basidiomycota;c__Agaricomycetes;o__Agaricales;f__Inocybaceae;g__Inocybe;s__whitei
ESV530,p__Ascomycota;c__Sordariomycetes;o__Hypocreales;f__Nectriaceae;NA;NA
ESV531,p__Ascomycota;c__Sordariomycetes;o__Hypocreales;f__Nectriaceae;g__Gibberella;s__tricincta
ESV532,p__Ascomycota;c__Dothideomycetes;o__Dothideales;f__Dothideaceae;g__Celosporium;NA
ESV533,p__Basidiomycota;c__Agaricomycetes;o__Agaricales;f__Inocybaceae;g__Inocybe;s__caprimulgi
ESV534,p__Ascomycota;c__Eurotiomycetes;o__Chaetothyriales;f__Herpotrichiellaceae;g__Exophiala;s__equina
ESV535,p__Rozellomycota;c__Rozellomycotina_cls_Incertae_sedis;o__GS05;NA;NA;NA
ESV536,p__Basidiomycota;c__Tremellomycetes;o__Filobasidiales;NA;NA;NA
ESV537,p__Ascomycota;c__Orbiliomycetes;o__Orbiliales;NA;NA;NA
ESV538,p__Ascomycota;c__Dothideomycetes;o__Capnodiales;f__Capnodiales_fam_Incertae_sedis;g__Microcyclospora;s__tardicrescens
ESV539,p__Basidiomycota;c__Tremellomycetes;o__Tremellales;f__Cuniculitremaceae;g__Kockovaella;NA
ESV540,p__Ascomycota;c__Dothideomycetes;o__Capnodiales;f__Mycosphaerellaceae;g__Ramularia;NA
ESV541,p__Basidiomycota;c__Agaricomycetes;o__Trechisporales;f__Hydnodontaceae;g__Trechispora;s__invisitata
ESV542,p__Ascomycota;c__Sordariomycetes;o__Hypocreales;f__Bionectriaceae;g__Nectriopsis;NA
ESV543,p__Ascomycota;c__Saccharomycetes;o__Saccharomycetales;f__Trichomonascaceae;NA;NA
ESV544,p__Ascomycota;c__Sordariomycetes;o__Microascales;f__Halosphaeriaceae;NA;NA
ESV545,p__Ascomycota;c__Sordariomycetes;o__Sordariales;f__Chaetomiaceae;NA;NA
ESV546,p__Basidiomycota;c__Agaricomycetes;o__Cantharellales;f__Ceratobasidiaceae;NA;NA
ESV547,p__Ascomycota;c__Geoglossomycetes;o__Geoglossales;f__Geoglossaceae;g__Trichoglossum;s__walteri
ESV548,p__Ascomycota;c__Eurotiomycetes;o__Eurotiales;f__Aspergillaceae;g__Penicillium;s__angulare
ESV549,p__Basidiomycota;c__Agaricomycetes;o__Russulales;f__Peniophoraceae;g__Peniophora;s__incarnata
ESV550,p__Basidiomycota;c__Agaricomycetes;o__Polyporales;f__Meruliaceae;g__Sarcodontia;s__delectans
ESV551,p__Basidiomycota;c__Agaricomycetes;o__Atheliales;f__Atheliaceae;g__Amphinema;NA
ESV552,p__Ascomycota;c__Sordariomycetes;o__Hypocreales;f__Hypocreaceae;g__Trichoderma;s__neorufum
ESV553,p__Ascomycota;c__Sordariomycetes;o__Sordariales;f__Chaetomiaceae;g__Zopfiella;NA
ESV554,p__Ascomycota;c__Leotiomycetes;o__Helotiales;f__Hyaloscyphaceae;g__Glutinomyces;NA
ESV555,p__Ascomycota;c__Sordariomycetes;o__Boliniales;f__Boliniaceae;NA;NA
ESV556,p__Ascomycota;c__Orbiliomycetes;o__Orbiliales;f__Orbiliaceae;g__Orbilia;s__aristata
ESV557,p__Basidiomycota;c__Agaricomycetes;o__Agaricales;f__Tricholomataceae;g__Clitocybe;s__houghtonii
ESV558,p__Ascomycota;c__Eurotiomycetes;o__Chaetothyriales;f__Trichomeriaceae;g__Bradymyces;NA
ESV559,p__Basidiomycota;c__Agaricomycetes;o__Agaricales;f__Amanitaceae;g__Amanita;s__citrina
ESV560,p__Chytridiomycota;NA;NA;NA;NA;NA
ESV561,p__Ascomycota;c__Leotiomycetes;o__Helotiales;f__Helotiales_fam_Incertae_sedis;g__Leptodontidium;s__boreale
ESV562,p__Basidiomycota;c__Agaricomycetes;o__Cantharellales;f__Cantharellales_fam_Incertae_sedis;g__Sistotrema;s__autumnale
ESV563,p__Chytridiomycota;c__Rhizophydiomycetes;o__Rhizophydiales;f__Rhizophydiaceae;g__Rhizophydium;NA
ESV564,p__Ascomycota;c__Dothideomycetes;o__Capnodiales;f__Mycosphaerellaceae;g__Staninwardia;s__suttonii
ESV565,p__Ascomycota;c__Sordariomycetes;o__Sordariales;f__Chaetomiaceae;g__Humicola;s__grisea
ESV566,p__Ascomycota;c__Leotiomycetes;o__Helotiales;f__Helotiales_fam_Incertae_sedis;g__Lareunionomyces;s__syzygii
ESV567,p__Basidiomycota;c__Malasseziomycetes;o__Malasseziales;f__Malasseziaceae;g__Malassezia;s__sympodialis
ESV568,p__Ascomycota;c__Eurotiomycetes;o__Chaetothyriales;f__Herpotrichiellaceae;g__Cladophialophora;s__chaetospira
ESV569,p__Ascomycota;c__Leotiomycetes;o__Helotiales;f__Hyaloscyphaceae;g__Lachnum;s__pulverulentum
ESV570,p__Ascomycota;c__Dothideomycetes;o__Pleosporales;f__Periconiaceae;g__Periconia;s__byssoides
ESV571,p__Basidiomycota;c__Cystobasidiomycetes;o__Cystobasidiales;f__Cystobasidiaceae;g__Cystobasidium;s__pinicola
ESV572,p__Ascomycota;c__Leotiomycetes;o__Helotiales;f__Vibrisseaceae;g__Phialocephala;s__oblonga
ESV573,p__Basidiomycota;c__Agaricomycetes;o__Agaricales;f__Cortinariaceae;g__Cortinarius;s__casimiri
ESV574,p__Ascomycota;c__Dothideomycetes;o__Pleosporales;f__Teichosporaceae;g__Teichospora;s__quercus
ESV575,p__Ascomycota;c__Orbiliomycetes;o__Orbiliales;f__Orbiliaceae;g__Hyalorbilia;s__fusispora
ESV576,p__Ascomycota;c__Leotiomycetes;o__Helotiales;f__Dermateaceae;g__Naevala;NA
ESV577,p__Basidiomycota;c__Agaricomycetes;o__Agaricales;f__Marasmiaceae;g__Marasmius;s__pulcherripes
ESV578,p__Ascomycota;c__Leotiomycetes;o__Helotiales;f__Dermateaceae;g__Trimmatostroma;NA
ESV579,p__Basidiomycota;c__Agaricomycetes;o__Agaricales;f__Lyophyllaceae;g__Lyophyllum;NA
ESV580,p__Ascomycota;c__Sordariomycetes;o__Hypocreales;f__Hypocreaceae;g__Trichoderma;s__leucopus
ESV581,p__Ascomycota;c__Sordariomycetes;o__Xenospadicoidales;f__Xenospadicoidaceae;NA;NA
ESV582,p__Basidiomycota;c__Agaricomycetes;o__Agaricales;f__Cortinariaceae;g__Cortinarius;s__diasemospermus
ESV583,p__Ascomycota;c__Leotiomycetes;o__Helotiales;f__Dermateaceae;g__Pyrenopeziza;s__revincta
ESV584,p__Basidiomycota;c__Agaricomycetes;o__Agaricales;f__Tricholomataceae;g__Fayodia;s__gracilipes
ESV585,p__Basidiomycota;c__Agaricomycetes;o__Hymenochaetales;f__Schizoporaceae;NA;NA
ESV586,p__Basidiomycota;c__Agaricomycetes;o__Russulales;f__Peniophoraceae;NA;NA
ESV587,p__Ascomycota;c__Eurotiomycetes;o__Chaetothyriales;f__Herpotrichiellaceae;g__Exophiala;s__moniliae
ESV588,p__Basidiomycota;c__Cystobasidiomycetes;NA;NA;NA;NA
ESV589,p__Ascomycota;c__Dothideomycetes;o__Capnodiales;f__Teratosphaeriaceae;g__Lapidomyces;NA
ESV590,p__Ascomycota;c__Leotiomycetes;o__Phacidiales;f__Phacidiaceae;g__Phacidium;s__lacerum
ESV591,p__Ascomycota;c__Sordariomycetes;o__Sordariales;f__Lasiosphaeriaceae;g__Podospora;s__appendiculata
ESV592,p__Ascomycota;c__Sordariomycetes;o__Hypocreales;f__Nectriaceae;g__Nectria;s__ramulariae
ESV593,p__Ascomycota;c__Dothideomycetes;o__Capnodiales;f__Teratosphaeriaceae;g__Devriesia;s__pseudoamericana
ESV594,p__Ascomycota;c__Leotiomycetes;o__Helotiales;f__Helotiaceae;g__Tetracladium;s__marchalianum
ESV595,p__Zoopagomycota;c__Zoopagomycetes;o__Zoopagales;f__Piptocephalidaceae;g__Syncephalis;NA
ESV596,p__Mortierellomycota;c__Mortierellomycetes;o__Mortierellales;f__Mortierellaceae;g__Mortierella;s__fimbricystis
ESV597,p__Basidiomycota;c__Agaricomycetes;o__Agaricales;f__Pluteaceae;g__Pluteus;s__cervinus
ESV598,p__Ascomycota;c__Sordariomycetes;o__Sordariales;f__Sordariales_fam_Incertae_sedis;g__Cordana;s__ellipsoidea
ESV599,p__Basidiomycota;c__Agaricomycetes;o__Agaricales;f__Psathyrellaceae;g__Psathyrella;s__piluliformis
ESV600,p__Basidiomycota;c__Agaricomycetes;o__Hymenochaetales;f__Schizoporaceae;g__Hyphodontia;s__alutaria
ESV601,p__Ascomycota;c__Leotiomycetes;o__Helotiales;f__Hyaloscyphaceae;g__Pezizella;NA
ESV602,p__Ascomycota;c__Dothideomycetes;o__Pleosporales;f__Sporormiaceae;g__Preussia;s__flanaganii
ESV603,p__Basidiomycota;c__Microbotryomycetes;o__Kriegeriales;f__Kriegeriaceae;g__Libkindia;s__masarykiana
ESV604,p__Ascomycota;c__Sordariomycetes;o__Hypocreales;f__Cordycipitaceae;g__Beauveria;NA
ESV605,p__Ascomycota;c__Sordariomycetes;o__Hypocreales;f__Hypocreaceae;g__Hypomyces;s__succineus
ESV606,p__Ascomycota;c__Dothideomycetes;o__Pleosporales;f__Phaeosphaeriaceae;g__Phaeosphaeria;s__caricis
ESV607,p__Ascomycota;c__Sordariomycetes;o__Coniochaetales;f__Coniochaetaceae;g__Coniochaeta;s__ligniaria
ESV608,p__Ascomycota;c__Eurotiomycetes;o__Eurotiales;f__Aspergillaceae;g__Sclerocleista;s__ornata
ESV609,p__Ascomycota;c__Dothideomycetes;o__Pleosporales;f__Teichosporaceae;NA;NA
ESV610,p__Ascomycota;c__Leotiomycetes;o__Helotiales;f__Hyaloscyphaceae;g__Arachnopeziza;NA
ESV611,p__Ascomycota;c__Leotiomycetes;o__Helotiales;f__Rutstroemiaceae;g__Rutstroemia;s__firma
ESV612,p__Mortierellomycota;c__Mortierellomycetes;o__Mortierellales;f__Mortierellaceae;g__Mortierella;s__macrocystopsis
ESV613,p__Basidiomycota;c__Pucciniomycetes;o__Platygloeales;NA;NA;NA
ESV614,p__Ascomycota;c__Sordariomycetes;o__Hypocreales;f__Ophiocordycipitaceae;g__Ophiocordyceps;NA
ESV615,p__Basidiomycota;c__Agaricomycetes;o__Cantharellales;f__Cantharellales_fam_Incertae_sedis;NA;NA
ESV616,p__Basidiomycota;c__Cystobasidiomycetes;o__Cystobasidiomycetes_ord_Incertae_sedis;f__Buckleyzymaceae;g__Buckleyzyma;s__aurantiaca
ESV617,p__Basidiomycota;c__Agaricomycetes;o__Hymenochaetales;f__Schizoporaceae;g__Xylodon;NA
ESV618,p__Ascomycota;c__Sordariomycetes;o__Hypocreales;f__Cordycipitaceae;g__Cordyceps;s__ningxiaensis
ESV619,p__Basidiomycota;c__Pucciniomycetes;o__Septobasidiales;f__Septobasidiaceae;NA;NA
ESV620,p__Ascomycota;c__Leotiomycetes;o__Thelebolales;f__Pseudeurotiaceae;g__Pseudogymnoascus;s__appendiculatus
ESV621,p__Ascomycota;c__Leotiomycetes;o__Helotiales;f__Helotiales_fam_Incertae_sedis;g__Mycoarthris;s__corallina
ESV622,p__Calcarisporiellomycota;c__Calcarisporiellomycetes;o__Calcarisporiellales;f__Calcarisporiellaceae;g__Calcarisporiella;NA
ESV623,p__Basidiomycota;c__Microbotryomycetes;o__Microbotryomycetes_ord_Incertae_sedis;NA;NA;NA
ESV624,p__Basidiomycota;c__Agaricomycetes;o__Agaricales;f__Tricholomataceae;g__Megacollybia;s__rodmanii
ESV625,p__Mucoromycota;c__Endogonomycetes;o__GS21;NA;NA;NA
ESV626,p__Basidiomycota;c__Agaricomycetes;o__Russulales;f__Russulaceae;g__Russula;s__crustosa
ESV627,p__Ascomycota;c__Sordariomycetes;o__Xylariales;f__Xylariaceae;g__Hypoxylon;s__fragiforme
ESV628,p__Ascomycota;c__Dothideomycetes;o__Pleosporales;f__Teichosporaceae;g__Teichospora;s__rubriostiolata
ESV629,p__Ascomycota;c__Sordariomycetes;o__Hypocreales;f__Nectriaceae;g__Nectria;NA
ESV630,p__Ascomycota;c__Sordariomycetes;o__Hypocreales;f__Nectriaceae;g__Fusarium;NA
ESV631,p__Ascomycota;c__Dothideomycetes;o__Pleosporales;f__Pleosporales_fam_Incertae_sedis;g__Neohendersonia;s__kickxii
ESV632,p__Ascomycota;c__Sordariomycetes;o__Conioscyphales;f__Conioscyphaceae;g__Conioscypha;NA
ESV633,p__Ascomycota;c__Saccharomycetes;o__Saccharomycetales;f__Debaryomycetaceae;g__Debaryomyces;s__hansenii
ESV634,p__Ascomycota;c__Dothideomycetes;o__Capnodiales;f__Teratosphaeriaceae;g__Devriesia;NA
ESV635,p__Basidiomycota;c__Agaricomycetes;o__Thelephorales;f__Thelephoraceae;g__Amaurodon;NA
ESV636,p__Ascomycota;c__Sordariomycetes;o__Chaetosphaeriales;NA;NA;NA
ESV637,p__Ascomycota;c__Sordariomycetes;o__Boliniales;f__Boliniaceae;g__Endoxyla;NA
ESV638,p__Basidiomycota;c__Agaricomycetes;o__Thelephorales;f__Thelephoraceae;g__Tomentella;s__lapida
ESV639,p__Basidiomycota;c__Agaricomycetes;o__Boletales;f__Boletaceae;g__Boletus;s__subglabripes
ESV640,p__Basidiomycota;c__Agaricomycetes;o__Agaricales;f__Strophariaceae;g__Pholiota;s__adiposa
ESV641,p__Ascomycota;c__Sordariomycetes;o__Coniochaetales;f__Coniochaetaceae;g__Coniochaeta;s__decumbens
ESV642,p__Ascomycota;c__Sordariomycetes;o__Hypocreales;f__Hypocreaceae;g__Hypomyces;NA
ESV643,p__Basidiomycota;c__Agaricomycetes;o__Atheliales;f__Atheliaceae;g__Amphinema;s__byssoides
ESV644,p__Ascomycota;c__Sordariomycetes;o__Hypocreales;f__Ophiocordycipitaceae;g__Haptocillium;s__glocklingiae
ESV645,p__Ascomycota;c__Dothideomycetes;o__Botryosphaeriales;NA;NA;NA
ESV646,p__Ascomycota;c__Dothideomycetes;o__Myriangiales;NA;NA;NA
ESV647,p__Basidiomycota;c__Agaricomycetes;o__Boletales;f__Suillaceae;g__Suillus;s__brevipes
ESV648,p__Ascomycota;c__Dothideomycetes;o__Pleosporales;f__Sporormiaceae;g__Preussia;s__tetramera
ESV649,p__Basidiomycota;c__Agaricomycetes;o__Agaricales;f__Amanitaceae;g__Amanita;s__solaniolens
ESV650,p__Ascomycota;c__Sordariomycetes;o__Hypocreales;f__Nectriaceae;g__Microcera;s__larvarum
ESV651,p__Mortierellomycota;c__Mortierellomycetes;o__Mortierellales;f__Mortierellaceae;g__Mortierella;s__hypsicladia
ESV652,p__Basidiomycota;c__Agaricomycetes;o__Agaricales;f__Tricholomataceae;g__Mycena;s__epipterygia
ESV653,p__Ascomycota;c__Dothideomycetes;o__Dothideales;f__Dothioraceae;g__Hormonema;s__macrosporum
ESV654,p__Ascomycota;c__Dothideomycetes;o__Capnodiales;f__Teratosphaeriaceae;g__Friedmanniomyces;NA
ESV655,p__Chytridiomycota;c__Rhizophydiomycetes;o__Rhizophydiales;NA;NA;NA
ESV656,p__Mucoromycota;c__Umbelopsidomycetes;o__GS23;NA;NA;NA
ESV657,p__Basidiomycota;c__Microbotryomycetes;o__Leucosporidiales;f__Leucosporidiaceae;g__Mastigobasidium;NA
ESV658,p__Ascomycota;c__Geoglossomycetes;o__Geoglossales;NA;NA;NA
ESV659,p__Basidiomycota;c__Agaricomycetes;o__Agaricales;f__Bolbitiaceae;g__Agrocybe;s__firma
ESV660,p__Ascomycota;c__Sordariomycetes;o__Microascales;f__Microascaceae;g__Scopulariopsis;s__candida
ESV661,p__Basidiomycota;c__Agaricomycetes;o__Agaricales;f__Hygrophoraceae;g__Gliophorus;s__irrigatus
ESV662,p__Ascomycota;c__Pezizomycetes;o__Pezizales;f__Discinaceae;g__Hydnotrya;s__laojunshanensis
ESV663,p__Ascomycota;c__Eurotiomycetes;o__Chaetothyriales;f__Chaetothyriaceae;NA;NA
ESV664,p__Ascomycota;c__Dothideomycetes;o__Pleosporales;f__Cucurbitariaceae;g__Neocucurbitaria;NA
ESV665,p__Basidiomycota;c__Agaricomycetes;o__Agaricales;f__Omphalotaceae;g__Gymnopus;s__junquilleus
ESV666,p__Mortierellomycota;c__Mortierellomycetes;o__Mortierellales;f__Mortierellaceae;g__Mortierella;s__cystojenkinii
ESV667,p__Basidiomycota;c__Agaricomycetes;o__Agaricales;f__Clavariaceae;g__Clavaria;s__flavipes
ESV668,p__Basidiomycota;c__Cystobasidiomycetes;o__Erythrobasidiales;f__Erythrobasidiales_fam_Incertae_sedis;g__Sakaguchia;s__lamellibrachiae
ESV669,p__Ascomycota;c__Dothideomycetes;o__Venturiales;f__Sympoventuriaceae;NA;NA
ESV670,p__Ascomycota;c__Dothideomycetes;o__Pleosporales;f__Didymosphaeriaceae;g__Kalmusia;s__longispora
ESV671,p__Ascomycota;c__Dothideomycetes;o__Tubeufiales;f__Tubeufiaceae;g__Chlamydotubeufia;NA
ESV672,p__Ascomycota;c__Dothideomycetes;o__Pleosporales;f__Didymellaceae;NA;NA
ESV673,p__Ascomycota;c__Sordariomycetes;o__Xylariales;f__Xylariaceae;g__Virgaria;s__nigra
ESV674,p__Basidiomycota;c__Microbotryomycetes;o__Microbotryomycetes_ord_Incertae_sedis;f__Chrysozymaceae;g__Yurkovia;s__mendeliana
ESV675,p__Basidiomycota;c__Agaricomycetes;o__Russulales;f__Peniophoraceae;g__Peniophora;s__nuda
ESV676,p__Basidiomycota;c__Agaricomycetes;o__Agaricales;f__Crepidotaceae;g__Crepidotus;s__malachius
ESV677,p__Basidiomycota;c__Tremellomycetes;o__Tremellales;f__Bulleribasidiaceae;g__Vishniacozyma;s__victoriae
ESV678,p__Ascomycota;c__Sordariomycetes;o__Hypocreales;f__Stachybotryaceae;g__Myrothecium;s__inundatum
ESV679,p__Ascomycota;c__Eurotiomycetes;o__Chaetothyriales;f__Herpotrichiellaceae;g__Veronaea;s__japonica
ESV680,p__Basidiomycota;c__Agaricomycetes;o__Cantharellales;f__Ceratobasidiaceae;g__Ceratobasidium;NA
ESV681,p__Ascomycota;c__Dothideomycetes;o__Capnodiales;f__Capnodiaceae;g__Antennariella;s__placitae
ESV682,p__Mucoromycota;c__Mucoromycetes;o__Mucorales;f__Mucoraceae;g__Mucor;s__abundans
ESV683,p__Ascomycota;c__Dothideomycetes;o__Pleosporales;f__Pleosporales_fam_Incertae_sedis;g__Pseudochaetosphaeronema;s__larense
ESV684,p__Basidiomycota;c__Agaricomycetes;o__Agaricales;f__Clavariaceae;g__Ramariopsis;s__flavescens
ESV685,p__Basidiomycota;c__Agaricomycetes;o__Atheliales;f__Atheliaceae;g__Piloderma;s__lanatum
ESV686,p__Ascomycota;c__Leotiomycetes;o__Helotiales;f__Helotiales_fam_Incertae_sedis;g__Hyalodendriella;NA
ESV687,p__Mortierellomycota;c__Mortierellomycetes;o__Mortierellales;f__Mortierellaceae;g__Mortierella;s__amoeboidea
ESV688,p__Ascomycota;c__Dothideomycetes;o__Tubeufiales;f__Tubeufiaceae;NA;NA
ESV689,p__Basidiomycota;c__Exobasidiomycetes;o__Exobasidiales;f__Exobasidiaceae;g__Exobasidium;s__maculosum
ESV690,p__Ascomycota;c__Sordariomycetes;o__Hypocreales;f__Cordycipitaceae;g__Lecanicillium;s__fusisporum
ESV691,p__Basidiomycota;c__Agaricomycetes;o__Agaricales;f__Physalacriaceae;NA;NA
ESV692,p__Basidiomycota;c__Agaricomycetes;o__Russulales;f__Lachnocladiaceae;g__Asterostroma;s__laxum
ESV693,p__Basidiomycota;c__Agaricomycetes;o__Polyporales;f__Podoscyphaceae;g__Hypochnicium;s__cremicolor
ESV694,p__Basidiomycota;c__Agaricomycetes;o__Thelephorales;f__Thelephoraceae;g__Tomentella;s__botryoides
ESV695,p__Basidiomycota;c__Microbotryomycetes;o__Microbotryomycetes_ord_Incertae_sedis;f__Chrysozymaceae;g__Oberwinklerozyma;s__silvestris
ESV696,p__Basidiomycota;c__Tremellomycetes;o__Filobasidiales;f__Piskurozymaceae;g__Piskurozyma;NA
ESV697,p__Ascomycota;c__Sordariomycetes;o__Diaporthales;NA;NA;NA
ESV698,p__Ascomycota;c__Sordariomycetes;o__Hypocreales;f__Ophiocordycipitaceae;g__Tolypocladium;s__album
ESV699,p__Ascomycota;c__Leotiomycetes;o__Helotiales;f__Helotiales_fam_Incertae_sedis;g__Chalara;s__hyalocuspica
ESV700,p__Basidiomycota;c__Agaricomycetes;o__Agaricales;f__Entolomataceae;g__Entoloma;s__terreum
ESV701,p__Basidiomycota;c__Agaricomycetes;o__Boletales;f__Gyroporaceae;g__Gyroporus;s__castaneus
ESV702,p__Basidiomycota;c__Agaricomycetes;o__Agaricales;f__Crepidotaceae;g__Crepidotus;s__applanatus
ESV703,p__Ascomycota;c__Dothideomycetes;o__Venturiales;f__Sympoventuriaceae;g__Fusicladium;s__amoenum
ESV704,p__Ascomycota;c__Dothideomycetes;o__Pleosporales;f__Leptosphaeriaceae;NA;NA
ESV705,p__Basidiomycota;c__Agaricostilbomycetes;o__Agaricostilbales;f__Chionosphaeraceae;NA;NA
ESV706,p__Ascomycota;c__Dothideomycetes;o__Capnodiales;f__Dissoconiaceae;g__Pseudoveronaea;s__obclavata
ESV707,p__Ascomycota;c__Dothideomycetes;o__Pleosporales;f__Pleosporales_fam_Incertae_sedis;g__Phellinocrescentia;s__guianensis
ESV708,p__Basidiomycota;c__Microbotryomycetes;o__Sporidiobolales;NA;NA;NA
ESV709,p__Basidiomycota;c__Agaricomycetes;o__Agaricales;f__Cortinariaceae;g__Cortinarius;s__aureovelatus
ESV710,p__Ascomycota;c__Dothideomycetes;o__Botryosphaeriales;f__Botryosphaeriaceae;g__Diplodia;s__corticola
ESV711,p__Ascomycota;c__Sordariomycetes;o__Diaporthales;f__Stilbosporaceae;g__Stegonsporium;s__opalus
ESV712,p__Ascomycota;c__Dothideomycetes;o__Pleosporales;f__Lophiotremataceae;g__Lophiotrema;NA
ESV713,p__Basidiomycota;c__Agaricostilbomycetes;o__Agaricostilbales;f__Chionosphaeraceae;g__Cystobasidiopsis;s__nirenbergiae
ESV714,p__Basidiomycota;c__Agaricomycetes;o__Agaricales;f__Typhulaceae;g__Typhula;s__maritima
ESV715,p__Basidiomycota;c__Agaricomycetes;o__Agaricales;f__Entolomataceae;g__Entoloma;s__crassicystidiatum
ESV716,p__Basidiomycota;c__Agaricomycetes;o__Agaricales;f__Entolomataceae;g__Entoloma;s__mutabilipes
ESV717,p__Ascomycota;c__Dothideomycetes;o__Pleosporales;f__Massarinaceae;g__Massarina;s__eburnea
ESV718,p__Ascomycota;c__Eurotiomycetes;o__Eurotiales;f__Aspergillaceae;g__Penicillium;s__brevicompactum
ESV719,p__Ascomycota;c__Leotiomycetes;o__Helotiales;f__Helotiaceae;g__Ascocoryne;s__sarcoides
ESV720,p__Basidiomycota;c__Agaricomycetes;o__Boletales;f__Boletaceae;g__Xerocomus;NA
ESV721,p__Basidiomycota;c__Agaricostilbomycetes;o__Agaricostilbales;NA;NA;NA
ESV722,p__Ascomycota;c__Eurotiomycetes;o__Onygenales;NA;NA;NA
ESV723,p__Basidiomycota;c__Agaricomycetes;o__Agaricales;f__Cortinariaceae;g__Cortinarius;s__centrirufus
ESV724,p__Basidiomycota;c__Agaricomycetes;o__Agaricales;f__Amanitaceae;g__Amanita;s__porphyria
ESV725,p__Basidiomycota;c__Agaricomycetes;o__Agaricales;f__Strophariaceae;g__Hypholoma;s__lateritium
ESV726,p__Basidiomycota;c__Agaricomycetes;o__Thelephorales;f__Thelephoraceae;g__Tomentella;s__bryophila
ESV727,p__Ascomycota;c__Dothideomycetes;o__Pleosporales;f__Coniothyriaceae;g__Coniothyrium;s__glycines
ESV728,p__Ascomycota;c__Orbiliomycetes;o__Orbiliales;f__Orbiliaceae;g__Dactylella;s__mammillata
ESV729,p__Chytridiomycota;c__Spizellomycetes;o__Spizellomycetales;NA;NA;NA
ESV730,p__Basidiomycota;c__Microbotryomycetes;o__Microbotryomycetes_ord_Incertae_sedis;f__Chrysozymaceae;g__Slooffia;s__tsugae
ESV731,p__Ascomycota;c__Sordariomycetes;o__Xylariales;f__Xylariaceae;g__Daldinia;NA
ESV732,p__Basidiomycota;c__Agaricomycetes;o__Hymenochaetales;f__Schizoporaceae;g__Xylodon;s__borealis
ESV733,p__Ascomycota;c__Leotiomycetes;o__Helotiales;f__Leotiaceae;g__Miniancora;s__allisoniensis
ESV734,p__Ascomycota;c__Sordariomycetes;o__Coniochaetales;NA;NA;NA
ESV735,p__Ascomycota;c__Dothideomycetes;o__Myriangiales;f__Myriangiales_fam_Incertae_sedis;g__Phaeosclera;s__dematioides
ESV736,p__Basidiomycota;c__Agaricomycetes;o__Agaricales;f__Entolomataceae;g__Entoloma;s__minutum
ESV737,p__Basidiomycota;c__Agaricomycetes;o__Polyporales;f__Steccherinaceae;g__Junghuhnia;s__lacera
ESV738,p__Basidiomycota;c__Agaricomycetes;o__Agaricales;f__Pluteaceae;g__Pluteus;s__hongoi
ESV739,p__Ascomycota;c__Leotiomycetes;o__Helotiales;f__Helotiales_fam_Incertae_sedis;g__Acephala;s__applanata
ESV740,p__Ascomycota;c__Leotiomycetes;o__Helotiales;f__Helotiaceae;g__Claussenomyces;NA
ESV741,p__Basidiomycota;c__Agaricomycetes;o__Boletales;f__Boletaceae;g__Strobilomyces;s__strobilaceus
ESV742,p__Basidiomycota;c__Tremellomycetes;o__Tremellales;f__Bulleraceae;g__Genolevuria;s__amylolytica
ESV743,p__Basidiomycota;c__Agaricomycetes;o__Agaricales;f__Stephanosporaceae;g__Cristinia;s__helvetica
ESV744,p__Ascomycota;c__Archaeorhizomycetes;NA;NA;NA;NA
ESV745,p__Basidiomycota;c__Agaricomycetes;o__Agaricales;f__Entolomataceae;g__Entoloma;s__formosum
ESV746,p__Basidiomycota;c__Agaricomycetes;o__Hymenochaetales;f__Schizoporaceae;g__Hyphodontia;NA
ESV747,p__Basidiomycota;c__Agaricomycetes;o__Agaricales;f__Psathyrellaceae;g__Lacrymaria;s__subcinnamomea
ESV748,p__Chytridiomycota;c__Spizellomycetes;o__Spizellomycetales;f__Spizellomycetaceae;g__Spizellomyces;s__lactosolyticus
ESV749,p__Ascomycota;c__Dothideomycetes;o__Pleosporales;f__Phaeosphaeriaceae;g__Chaetosphaeronema;NA
ESV750,p__Ascomycota;c__Dothideomycetes;o__Myriangiales;f__Myriangiales_fam_Incertae_sedis;NA;NA
ESV751,p__Ascomycota;c__Sordariomycetes;o__Hypocreales;f__Nectriaceae;g__Calcarisporium;s__arbuscula
ESV752,p__Basidiomycota;c__Tremellomycetes;o__Trichosporonales;f__Tetragoniomycetaceae;NA;NA
ESV753,p__Ascomycota;c__Orbiliomycetes;o__Orbiliales;f__Orbiliaceae;g__Hyalorbilia;s__erythrostigma
ESV754,p__Ascomycota;c__Dothideomycetes;o__Venturiales;f__Sympoventuriaceae;g__Ochroconis;NA
ESV755,p__Basidiomycota;c__Agaricomycetes;o__Agaricales;f__Psathyrellaceae;g__Psathyrella;NA
ESV756,p__Ascomycota;c__Leotiomycetes;o__Helotiales;f__Helotiaceae;g__Infundichalara;NA
ESV757,p__Ascomycota;c__Sordariomycetes;o__Xylariales;f__Xylariaceae;g__Hypoxylon;s__rubiginosum
ESV758,p__Ascomycota;c__Leotiomycetes;o__Helotiales;f__Helotiaceae;g__Hymenoscyphus;s__caudatus
ESV759,p__Basidiomycota;c__Agaricomycetes;o__Agaricales;f__Hygrophoraceae;g__Humidicutis;s__marginata
ESV760,p__Basidiomycota;c__Agaricomycetes;o__Agaricales;f__Entolomataceae;g__Entoloma;s__allochroum
ESV761,p__Ascomycota;c__Dothideomycetes;o__Capnodiales;f__Mycosphaerellaceae;g__Phaeothecoidiella;s__illinoisensis
ESV762,p__Glomeromycota;c__Glomeromycetes;o__Glomerales;f__Glomeraceae;g__Dominikia;NA
ESV763,p__Basidiomycota;c__Agaricomycetes;o__Agaricales;f__Cystostereaceae;g__Cystostereum;s__murrayi
ESV764,p__Ascomycota;c__Eurotiomycetes;o__Chaetothyriales;f__Herpotrichiellaceae;g__Exophiala;s__angulospora
ESV765,p__Basidiomycota;c__Agaricomycetes;o__Hymenochaetales;f__Hymenochaetaceae;g__Inonotus;s__obliquus
ESV766,p__Ascomycota;c__Dothideomycetes;o__Pleosporales;f__Phaeosphaeriaceae;g__Paraphoma;NA
ESV767,p__Ascomycota;c__Dothideomycetes;o__Capnodiales;f__Dissoconiaceae;g__Ramichloridium;s__apiculatum
ESV768,p__Basidiomycota;c__Agaricomycetes;o__Boletales;f__Boletaceae;g__Imleria;s__badia
ESV769,p__Ascomycota;c__Dothideomycetes;o__Dothideomycetes_ord_Incertae_sedis;f__Dothideomycetes_fam_Incertae_sedis;g__Catinella;s__olivacea
ESV770,p__Ascomycota;c__Sordariomycetes;o__Microascales;f__Gondwanamycetaceae;g__Knoxdaviesia;s__cecropiae
ESV771,p__Basidiomycota;c__Agaricomycetes;o__Agaricales;f__Omphalotaceae;g__Gymnopus;s__androsaceus
ESV772,p__Ascomycota;c__Dothideomycetes;o__Mytilinidiales;f__Mytilinidiaceae;g__Lophium;s__mytilinum
ESV773,p__Ascomycota;c__Sordariomycetes;o__Xylariales;f__Xylariaceae;g__Xylaria;s__cornu-damae
ESV774,p__Ascomycota;c__Dothideomycetes;o__Pleosporales;f__Massariaceae;g__Massaria;s__mediterranea
ESV775,p__Ascomycota;c__Lecanoromycetes;o__Ostropales;f__Gomphillaceae;g__Corticifraga;s__peltigerae
ESV776,p__Basidiomycota;c__Agaricomycetes;o__Russulales;f__Russulaceae;g__Russula;s__quercilicis
ESV777,p__Ascomycota;c__Sordariomycetes;o__Xylariales;f__Xylariaceae;g__Hypoxylon;NA
ESV778,p__Basidiomycota;c__Cystobasidiomycetes;o__Cystobasidiomycetes_ord_Incertae_sedis;f__Microsporomycetaceae;g__Microsporomyces;NA
ESV779,p__Ascomycota;c__Leotiomycetes;o__Helotiales;f__Helotiaceae;g__Articulospora;NA
ESV780,p__Ascomycota;c__Sordariomycetes;o__Glomerellales;f__Plectosphaerellaceae;g__Plectosphaerella;s__cucumerina
ESV781,p__Ascomycota;c__Sordariomycetes;o__Glomerellales;f__Glomerellaceae;g__Colletotrichum;s__lineola
